color_name,rgb,red,green,blue,hue_degree,saturation_percent,lightness_percent,hue,saturation,brightness,xy,hue_xy,livingcolors_xy
'Air Force blue','#5d8aa8',93,138,168,204,30.1,51.2,37136,76,130,"{0.244727,0.276239}","{0.441536,0.441628}","{0.375546,0.445870}"
'Alice blue','#f0f8ff',240,248,255,208,100,97.1,37864,254,246,"{0.303625,0.322111}","{0.518833,0.374092}","{0.386278,0.454604}"
'Alizarin crimson','#e32636',227,38,54,354.9,77.1,52,64606,195,132,"{0.587374,0.319786}","{0.499669,0.429804}","{0.444866,0.400848}"
'Almond',' #efdecd',239,222,205,30,51.5,87.1,5461,130,221,"{0.336526,0.347011}","{0.521627,0.384602}","{0.392285,0.452235}"
'Amaranth','#e52b50',229,43,80,348.1,78.2,53.3,63368,198,135,"{0.549428,0.300988}","{0.499680,0.426723}","{0.441120,0.400552}"
'Amber','#ffbf00',255,191,0,44.9,100,50,8173,254,127,"{0.473147,0.462501}","{0.540458,0.402298}","{0.411754,0.459765}"
'American rose','#ff033e',255,3,62,346,100,50.6,62986,254,129,"{0.599106,0.308172}","{0.503978,0.426766}","{0.465006,0.378045}"
'Amethyst','#9966cc',153,102,204,270,50,60,49151,127,152,"{0.264063,0.189294}","{0.463250,0.424503}","{0.396091,0.421899}"
'Android Green','#a4c639',164,198,57,74.5,55.3,50,13562,140,127,"{0.376912,0.505181}","{0.502761,0.422087}","{0.388766,0.466665}"
'Anti-flash white','#f2f3f4',242,243,244,210,8.3,95.3,38228,21,242,"{0.311465,0.328011}","{0.520521,0.376030}","{0.387848,0.454076}"
'Antique brass','#cd9575',205,149,117,21.8,46.8,63.1,3968,118,160,"{0.405273,0.370322}","{0.505759,0.413266}","{0.403567,0.442298}"
'Antique fuchsia','#915c83',145,92,131,315.8,22.4,46.5,57488,56,118,"{0.336150,0.262627}","{0.466074,0.438818}","{0.401545,0.426006}"
'Antique white','#faebd7',250,235,215,34.3,77.8,91.2,6244,197,231,"{0.335820,0.349234}","{0.526404,0.379598}","{0.391831,0.453652}"
'Ao','#008000',0,128,0,120,100,25.1,21845,254,64,"{0.300000,0.600000}","{0.399554,0.506994}","{0.359846,0.475958}"
'Apple green','#8db600',141,182,0,73.5,100,35.7,13380,254,91,"{0.380030,0.536447}","{0.492844,0.437106}","{0.389728,0.470848}"
'Apricot','#fbceb1',251,206,177,23.5,90.2,83.9,4277,229,213,"{0.369990,0.359590}","{0.526945,0.388012}","{0.398565,0.449240}"
'Aqua','#00ffff',0,255,255,180,100,50,32767,254,127,"{0.224650,0.328741}","{0.383525,0.421808}","{0.333057,0.482129}"
'Aquamarine','#7fffd4',127,255,212,159.8,100,74.9,29090,254,190,"{0.265903,0.380905}","{0.474828,0.400386}","{0.365017,0.470854}"
'Army green','#4b5320',75,83,32,69.4,44.3,22.5,12633,112,57,"{0.377248,0.469583}","{0.435105,0.477517}","{0.391512,0.442085}"
'Arylide yellow','#e9d66b',233,214,107,51,74.1,66.7,9284,188,169,"{0.401098,0.442170}","{0.529362,0.396990}","{0.397392,0.458766}"
'Ash grey','#b2beb5',178,190,181,135,8.5,72.2,24575,21,183,"{0.309718,0.340719}","{0.493813,0.405581}","{0.386429,0.451663}"
'Asparagus','#87a96b',135,169,107,92.9,26.5,54.1,16911,67,137,"{0.332945,0.429172}","{0.477933,0.431177}","{0.384408,0.457200}"
'Atomic tangerine','#ff9966',255,153,102,20,100,70,3640,254,178,"{0.464806,0.380133}","{0.526975,0.401894}","{0.413876,0.439985}"
'Auburn','#a52a2a',165,42,42,0,59.4,40.6,0,150,103,"{0.562690,0.329766}","{0.474059,0.449377}","{0.429268,0.409952}"
'Aureolin','#fdee00',253,238,0,56.4,100,49.6,10267,254,126,"{0.430268,0.496552}","{0.548273,0.395808}","{0.402433,0.471224}"
'AuroMetalSaurus','#6e7f80',110,127,128,183.3,7.6,46.7,33368,19,119,"{0.292185,0.327034}","{0.454212,0.444447}","{0.384696,0.444119}"
'Awesome','#ff2052',255,32,82,346.5,100,56.3,63077,254,143,"{0.567150,0.300176}","{0.507695,0.421297}","{0.450821,0.392626}"
'Azure','#007fff',0,127,255,210.1,100,50,38246,254,127,"{0.176060,0.153815}","{0.369032,0.452728}","{0.343852,0.443636}"
'Azure mist/web','#f0ffff',240,255,255,180,100,97.1,32767,254,246,"{0.303535,0.328980}","{0.519899,0.372991}","{0.385314,0.456228}"
'Baby blue','#89cff0',137,207,240,199.2,77.4,73.9,36262,196,187,"{0.247554,0.287892}","{0.467058,0.402521}","{0.371854,0.455440}"
'Baby blue eyes','#a1caf1',161,202,241,209.3,74.1,78.8,38101,188,200,"{0.259510,0.281976}","{0.478599,0.398035}","{0.377803,0.451514}"
'Baby pink','#f4c2c2',244,194,194,0,69.4,85.9,0,176,218,"{0.353788,0.329133}","{0.520374,0.389339}","{0.398443,0.445276}"
'Ball Blue','#21abcd',33,171,205,191.9,72.3,46.7,34933,183,119,"{0.213116,0.275310}","{0.404148,0.446661}","{0.351860,0.460459}"
'Banana Mania','#fae7b5',250,231,181,43.5,87.3,84.5,7918,221,214,"{0.359341,0.380399}","{0.530180,0.383964}","{0.394070,0.455320}"
'Banana yellow','#ffe135',255,225,53,51.1,100,60.4,9302,254,153,"{0.434206,0.475610}","{0.543292,0.394500}","{0.402365,0.463669}"
'Battleship grey','#848482',132,132,130,60,0.8,51.4,10922,2,131,"{0.314836,0.332520}","{0.466778,0.435962}","{0.389273,0.443149}"
'Bazaar','#98777b',152,119,123,352.7,13.8,53.1,64206,35,135,"{0.350038,0.322473}","{0.475350,0.432863}","{0.397503,0.436892}"
'Beau blue','#bcd4e6',188,212,230,205.7,45.7,82,37445,116,208,"{0.284172,0.308085}","{0.495063,0.392422}","{0.382583,0.452475}"
'Beaver','#9f8170',159,129,112,21.7,19.7,53.1,3950,50,135,"{0.368708,0.356492}","{0.481776,0.430224}","{0.397730,0.440887}"
'Beige','#f5f5dc',245,245,220,60,55.6,91.2,10922,141,231,"{0.327939,0.354183}","{0.525460,0.378252}","{0.389208,0.456101}"
'Bisque','#ffe4c4',255,228,196,32.5,100,88.4,5916,254,224,"{0.353501,0.361507}","{0.529580,0.381978}","{0.394731,0.452960}"
'Bistre','#3d2b1f',61,43,31,24,32.6,18,4369,82,46,"{0.402874,0.374107}","{0.420016,0.489922}","{0.398455,0.424022}"
'Bittersweet','#fe6f5e',254,111,94,6.4,98.8,68.2,1165,250,173,"{0.504558,0.345369}","{0.520028,0.409007}","{0.424373,0.426550}"
'Black','#000000',0,0,0,0,0,0,0,0,1,"{0.000000,0.000000}","{0.380388,0.524899}","{0.392470,0.408337}"
'Blanched Almond','#ffebcd',255,235,205,36,100,90.2,6553,254,229,"{0.345978,0.359145}","{0.529525,0.379939}","{0.393210,0.453966}"
'Bleu de France','#318ce7',49,140,231,210,79.1,54.9,38228,200,139,"{0.193737,0.194598}","{0.405670,0.441916}","{0.359023,0.445161}"
'Blizzard Blue','#ace5ee',172,229,238,188.2,66,80.4,34260,167,204,"{0.271322,0.318524}","{0.489064,0.391234}","{0.376505,0.457767}"
'Blond','#faf0be',250,240,190,50,85.7,86.3,9102,217,219,"{0.351241,0.379760}","{0.530503,0.381635}","{0.392252,0.456768}"
'Blue','#0000ff',0,0,255,240,100,50,43690,254,127,"{0.150000,0.060000}","{0.357167,0.478040}","{0.364871,0.368688}"
'Blue Bell','#a2a2d0',162,162,208,240,32.9,72.5,43690,83,184,"{0.275627,0.267697}","{0.477429,0.410623}","{0.386148,0.442464}"
'Blue Gray','#6699cc',102,153,204,210,50,60,38228,127,152,"{0.232992,0.251437}","{0.444153,0.429252}","{0.373281,0.446319}"
'Blue green','#0d98ba',13,152,186,191.8,86.9,39,34915,220,99,"{0.209332,0.269589}","{0.391355,0.462205}","{0.349152,0.459033}"
'Blue purple','#8a2be2',138,43,226,271.1,75.9,52.7,49351,192,134,"{0.226358,0.113965}","{0.443107,0.435709}","{0.405391,0.392280}"
'Blue violet','#8a2be2',138,43,226,271.1,75.9,52.7,49351,192,134,"{0.226358,0.113965}","{0.443107,0.435709}","{0.405391,0.392280}"
'Blush','#de5d83',222,93,131,342.3,66.2,61.8,62312,168,157,"{0.436214,0.285963}","{0.501499,0.416605}","{0.419782,0.418964}"
'Bole','#79443b',121,68,59,8.7,34.4,35.3,1583,87,90,"{0.438928,0.347964}","{0.455731,0.459271}","{0.407142,0.425909}"
'Bondi blue','#0095b6',0,149,182,190.9,100,35.7,34751,254,91,"{0.208342,0.270032}","{0.383082,0.468388}","{0.345601,0.460295}"
'Bone','#e3dac9',227,218,201,39.2,31.7,83.9,7136,80,213,"{0.330932,0.347655}","{0.516899,0.387864}","{0.390834,0.452662}"
'Boston University Red','#cc0000',204,0,0,0,100,40,0,254,102,"{0.640000,0.330000}","{0.486087,0.445547}","{0.461435,0.386511}"
'Bottle green','#006a4e',0,106,78,164.2,100,20.8,29891,254,53,"{0.247813,0.412125}","{0.389748,0.499116}","{0.358076,0.457199}"
'Boysenberry','#873260',135,50,96,327.5,45.9,36.3,59618,116,92,"{0.395483,0.247188}","{0.456747,0.453426}","{0.413466,0.410940}"
'Brandeis blue','#0070ff',0,112,255,213.6,100,50,38884,254,127,"{0.170748,0.134694}","{0.367503,0.455989}","{0.345597,0.437414}"
'Brass','#b5a642',181,166,66,52.2,46.6,48.4,9502,118,123,"{0.411771,0.458415}","{0.503291,0.421735}","{0.397937,0.454944}"
'Brick red','#cb4154',203,65,84,351.7,57,52.5,64024,144,133,"{0.507116,0.308744}","{0.492522,0.430382}","{0.427266,0.413158}"
'Bright cerulean','#1dacd6',29,172,214,193.6,76.1,47.6,35243,193,121,"{0.209327,0.264537}","{0.400176,0.445432}","{0.350109,0.460336}"
'Bright green','#66ff00',102,255,0,96,100,50,17476,254,127,"{0.322787,0.581904}","{0.488762,0.437958}","{0.369380,0.493028}"
'Bright lavender','#bf94e4',191,148,228,272.3,59.7,73.7,49569,151,187,"{0.284059,0.233390}","{0.486099,0.403377}","{0.394073,0.433246}"
'Bright maroon','#c32148',195,33,72,345.6,71.1,44.7,62913,180,114,"{0.540917,0.293918}","{0.484153,0.438793}","{0.437485,0.398883}"
'Bright pink','#ff007f',255,0,127,330.1,100,50,60091,254,127,"{0.500946,0.253378}","{0.499156,0.422719}","{0.459702,0.369480}"
'Bright turquoise','#08e8de',8,232,222,177.3,93.3,47.1,32275,236,120,"{0.228732,0.342167}","{0.392909,0.435768}","{0.338224,0.478898}"
'Bright ube','#d19fe8',209,159,232,281.1,61.3,76.7,51171,155,195,"{0.296697,0.246126}","{0.495422,0.397116}","{0.395663,0.434863}"
'Brilliant lavender','#f4bbff',244,187,255,290.3,100,86.7,52846,254,220,"{0.307462,0.260662}","{0.511049,0.383105}","{0.396474,0.438383}"
'Brilliant rose','#ff55a3',255,85,163,332.5,100,66.7,60528,254,169,"{0.428217,0.254801}","{0.510039,0.406978}","{0.426784,0.409876}"
'Brink pink','#fb607f',251,96,127,348,95.1,68,63350,241,173,"{0.470269,0.299209}","{0.513678,0.409406}","{0.425482,0.418015}"
'British racing green','#004225',0,66,37,153.6,100,12.9,27961,254,33,"{0.261710,0.462158}","{0.387297,0.511716}","{0.368995,0.444793}"
'Bronze','#cd7f32',205,127,50,29.8,60.8,50,5424,154,127,"{0.486935,0.414614}","{0.507267,0.422456}","{0.412912,0.441338}"
'Brown','#a52a2a',165,42,42,0,59.4,40.6,0,150,103,"{0.562690,0.329766}","{0.474059,0.449377}","{0.429268,0.409952}"
'Bubble gum','#ffc1cc',255,193,204,349.4,100,87.8,63605,254,223,"{0.354887,0.317777}","{0.523008,0.386417}","{0.400187,0.443199}"
'Bubbles','#e7feff',231,254,255,182.5,100,95.3,33222,254,242,"{0.298144,0.327973}","{0.516241,0.374406}","{0.383812,0.456810}"
'Buff','#f0dc82',240,220,130,49.1,78.6,72.5,8938,199,184,"{0.389495,0.423761}","{0.530610,0.392545}","{0.396521,0.457660}"
'Bulgarian rose','#480607',72,6,7,359.1,84.6,15.3,65371,214,39,"{0.597180,0.327761}","{0.421352,0.493194}","{0.418662,0.402323}"
'Burgundy','#800020',128,0,32,345,100,25.1,62804,254,64,"{0.585585,0.300016}","{0.448805,0.470009}","{0.437030,0.388790}"
'Burlywood','#deb887',222,184,135,33.8,56.9,70,6153,144,178,"{0.387229,0.386657}","{0.517083,0.401647}","{0.399110,0.449528}"
'Burnt orange','#cc5500',204,85,0,25,100,40,4551,254,102,"{0.565986,0.388776}","{0.501835,0.432477}","{0.428006,0.430719}"
'Burnt sienna','#e97451',233,116,81,13.8,77.6,61.6,2512,197,156,"{0.496675,0.365418}","{0.514110,0.414365}","{0.419604,0.431576}"
'Burnt umber','#8a3324',138,51,36,8.8,58.6,34.1,1601,148,87,"{0.533897,0.351933}","{0.462919,0.457898}","{0.419324,0.418257}"
'Byzantine','#bd33a4',189,51,164,310.9,57.5,47.1,56596,146,120,"{0.354668,0.194945}","{0.476704,0.428733}","{0.421702,0.399182}"
'Byzantium','#702963',112,41,99,311,46.4,30,56614,117,76,"{0.346213,0.211140}","{0.442834,0.462710}","{0.409350,0.407979}"
'CG Blue','#007aa5',0,122,165,195.6,100,32.4,35607,254,82,"{0.200823,0.242961}","{0.381966,0.478060}","{0.349918,0.452410}"
'CG Red','#e03c31',224,60,49,3.8,73.8,53.5,691,187,136,"{0.576238,0.337993}","{0.502704,0.427625}","{0.436687,0.412537}"
'Cadet','#536872',83,104,114,199.4,15.7,38.6,36299,39,98,"{0.273028,0.306111}","{0.436288,0.460351}","{0.382826,0.440060}"
'Cadet blue','#5f9ea0',95,158,160,181.8,25.5,50,33095,64,127,"{0.257569,0.325405}","{0.447318,0.438468}","{0.373205,0.453238}"
'Cadet grey','#91a3b0',145,163,176,205.2,16.4,62.9,37354,41,160,"{0.285709,0.309707}","{0.473485,0.419778}","{0.383849,0.447546}"
'Cadmium green','#006b3c',0,107,60,153.6,100,21,27961,254,54,"{0.264485,0.472147}","{0.391550,0.501977}","{0.359180,0.460031}"
'Cadmium orange','#ed872d',237,135,45,28.1,84.2,55.3,5115,213,140,"{0.508771,0.410185}","{0.521545,0.412826}","{0.418079,0.441153}"
'Cadmium red','#e30022',227,0,34,351,100,44.5,63896,254,113,"{0.621663,0.319896}","{0.494058,0.436686}","{0.463123,0.380946}"
'Cadmium yellow','#fff600',255,246,0,57.9,100,50,10540,254,127,"{0.425712,0.500170}","{0.550313,0.394195}","{0.401409,0.472746}"
'Café au lait','#a67b5b',166,123,91,25.6,29.6,50.4,4660,75,128,"{0.406420,0.378973}","{0.486003,0.431329}","{0.402151,0.440087}"
'Café noir','#4b3621',75,54,33,30,38.9,21.2,5461,98,54,"{0.417755,0.394415}","{0.429788,0.482176}","{0.399564,0.427900}"
'Cal Poly Pomona green','#1e4d2b',30,77,43,136.6,43.9,21,24866,111,54,"{0.287965,0.457385}","{0.406624,0.496306}","{0.377170,0.444500}"
'Cambridge Blue','#a3c1ad',163,193,173,140,19.5,69.8,25485,49,177,"{0.303516,0.356103}","{0.488322,0.409865}","{0.383113,0.454787}"
'Camel','#c19a6b',193,154,107,32.8,41,58.8,5970,104,149,"{0.399710,0.392090}","{0.502546,0.416597}","{0.400531,0.446073}"
'Camouflage green','#78866b',120,134,107,91.1,11.2,47.3,16583,28,120,"{0.325114,0.379756}","{0.463287,0.442606}","{0.387283,0.447656}"
'Canary','#ffff99',255,255,153,60,100,80,10922,254,203,"{0.372813,0.428372}","{0.539121,0.382279}","{0.392617,0.462568}"
'Canary yellow','#ffef00',255,239,0,56.2,100,50,10230,254,127,"{0.430944,0.496015}","{0.549065,0.395221}","{0.402618,0.471229}"
'Candy apple red','#ff0800',255,8,0,1.9,100,50,345,254,127,"{0.638480,0.331207}","{0.507823,0.429130}","{0.469175,0.387709}"
'Candy pink','#e4717a',228,113,122,355.3,68,66.9,64679,172,170,"{0.444869,0.319177}","{0.508226,0.412759}","{0.416501,0.427087}"
'Capri','#00bfff',0,191,255,195.1,100,50,35516,254,127,"{0.201066,0.243837}","{0.375952,0.437964}","{0.337697,0.465584}"
'Caput mortuum','#592720',89,39,32,7.4,47.1,23.7,1347,119,60,"{0.482009,0.347345}","{0.435027,0.478991}","{0.409084,0.417977}"
'Cardinal','#c41e3a',196,30,58,349.9,73.5,44.3,63696,186,113,"{0.568442,0.307337}","{0.484981,0.440004}","{0.440212,0.398680}"
'Caribbean green','#00cc99',0,204,153,165,100,40,30036,254,102,"{0.247880,0.412368}","{0.395279,0.464196}","{0.341580,0.480117}"
'Carmine','#ff0040',255,0,64,344.9,100,50,62786,254,127,"{0.597195,0.306414}","{0.503354,0.427081}","{0.466189,0.375962}"
'Carmine pink','#eb4c42',235,76,66,3.6,80.9,59,655,205,150,"{0.550624,0.338095}","{0.508813,0.421037}","{0.432505,0.416997}"
'Carmine red','#ff0038',255,0,56,346.8,100,50,63132,254,127,"{0.606310,0.311436}","{0.503803,0.427547}","{0.467032,0.376805}"
'Carnation pink','#ffa6c9',255,166,201,336.4,100,82.5,61238,254,209,"{0.363107,0.292806}","{0.519072,0.390857}","{0.405380,0.435581}"
'Carnelian','#b31b1b',179,27,27,0,73.8,40.4,0,187,103,"{0.605578,0.329896}","{0.478670,0.448076}","{0.440140,0.402037}"
'Carolina blue','#99badd',153,186,221,210.9,50,73.3,38392,127,186,"{0.263448,0.283715}","{0.475051,0.406236}","{0.379456,0.449538}"
'Carrot orange','#ed9121',237,145,33,32.9,85,52.9,5989,215,134,"{0.502773,0.425597}","{0.524114,0.411998}","{0.416442,0.445507}"
'Celadon','#ace1af',172,225,175,123.4,46.9,77.8,22463,119,197,"{0.307757,0.391379}","{0.498137,0.401534}","{0.380084,0.462066}"
'Celeste','#b2ffff',178,255,255,180,100,84.9,32767,254,215,"{0.269082,0.328876}","{0.493307,0.382510}","{0.373598,0.462036}"
'Celestial blue','#4997d0',73,151,208,205.3,59,55.1,37373,149,140,"{0.215235,0.240052}","{0.425929,0.437567}","{0.365610,0.448599}"
'Cerise','#de3163',222,49,99,342.7,72.4,53.1,62385,183,135,"{0.509187,0.283386}","{0.496516,0.426283}","{0.435742,0.402203}"
'Cerise pink','#ec3b83',236,59,131,335.6,82.3,57.8,61093,209,147,"{0.464974,0.261096}","{0.501287,0.418347}","{0.432923,0.402767}"
'Cerulean','#007ba7',0,123,167,195.8,100,32.7,35643,254,83,"{0.200518,0.241864}","{0.381826,0.477381}","{0.349660,0.452555}"
'Cerulean blue','#2a52be',42,82,190,223.8,63.8,45.5,40740,162,116,"{0.180472,0.139371}","{0.399236,0.465238}","{0.368975,0.426290}"
'Chamoisee','#a0785a',160,120,90,25.7,28,49,4678,71,124,"{0.402144,0.377493}","{0.482666,0.433830}","{0.401468,0.439764}"
'Champagne','#fad6a5',250,214,165,34.6,89.5,81.4,6298,227,206,"{0.375687,0.380359}","{0.529300,0.388188}","{0.397627,0.452366}"
'Charcoal','#36454f',54,69,79,204,18.8,26.1,37136,47,67,"{0.268070,0.296912}","{0.416677,0.482792}","{0.384450,0.432331}"
'Chartreuse','#7fff00',127,255,0,90.1,100,50,16401,254,127,"{0.334997,0.572209}","{0.501801,0.428651}","{0.374886,0.489712}"
'Cherry','#de3163',222,49,99,342.7,72.4,53.1,62385,183,135,"{0.509187,0.283386}","{0.496516,0.426283}","{0.435742,0.402203}"
'Cherry blossom pink','#ffb7c5',255,183,197,348.3,100,85.9,63405,254,218,"{0.362928,0.314592}","{0.522273,0.388695}","{0.402367,0.440943}"
'Chestnut','#cd5c5c',205,92,92,0,53.1,58.2,0,134,148,"{0.476143,0.329503}","{0.497632,0.424827}","{0.419082,0.423971}"
'Chocolate','#d2691e',210,105,30,25,75,47.1,4551,190,120,"{0.531706,0.398820}","{0.506465,0.425837}","{0.421180,0.434844}"
'Chrome yellow','#ffa700',255,167,0,39.3,100,50,7154,254,127,"{0.498279,0.442543}","{0.536139,0.405848}","{0.416960,0.453232}"
'Cinereous','#98817b',152,129,123,12.4,12.3,53.9,2257,31,137,"{0.347061,0.338982}","{0.477203,0.431096}","{0.395317,0.440549}"
'Cinnabar','#e34234',227,66,52,4.8,75.8,54.7,873,192,139,"{0.569610,0.340608}","{0.504795,0.425669}","{0.435092,0.414718}"
'Cinnamon','#d2691e',210,105,30,25,75,47.1,4551,190,120,"{0.531706,0.398820}","{0.506465,0.425837}","{0.421180,0.434844}"
'Citrine','#e4d00a',228,208,10,54.5,91.6,46.7,9921,232,119,"{0.434963,0.490906}","{0.533953,0.405788}","{0.402679,0.466125}"
'Classic rose','#fbcce7',251,204,231,325.5,85.5,89.2,59254,217,226,"{0.329162,0.301663}","{0.519732,0.382314}","{0.396158,0.444415}"
'Cobalt','#0047ab',0,71,171,215.1,100,33.5,39157,254,85,"{0.169937,0.131774}","{0.374897,0.486112}","{0.357291,0.428468}"
'Cocoa brown','#d2691e',210,105,30,25,75,47.1,4551,190,120,"{0.531706,0.398820}","{0.506465,0.425837}","{0.421180,0.434844}"
'Coffee','#6f4e37',111,78,55,24.6,33.7,32.5,4478,85,83,"{0.416777,0.380617}","{0.452571,0.461724}","{0.401758,0.432258}"
'Columbia blue','#9bddff',155,221,255,200.4,100,80.4,36481,254,204,"{0.252267,0.289519}","{0.476283,0.393182}","{0.373198,0.456015}"
'Cool  black','#002e63',0,46,99,212.1,100,19.4,38611,254,50,"{0.176739,0.156262}","{0.379516,0.504996}","{0.368222,0.424534}"
'Cool grey','#8c92ac',140,146,172,228.8,16.2,61.2,41651,41,155,"{0.283144,0.288823}","{0.468382,0.424962}","{0.385935,0.442913}"
'Copper','#b87333',184,115,51,28.9,56.6,46.1,5261,143,117,"{0.479087,0.410317}","{0.495942,0.430604}","{0.411093,0.439260}"
'Copper rose','#996666',153,102,102,0,20,50,0,50,127,"{0.387518,0.329235}","{0.474772,0.437911}","{0.403213,0.432372}"
'Coquelicot','#ff3800',255,56,0,13.2,100,50,2402,254,127,"{0.616826,0.348403}","{0.516265,0.422189}","{0.449083,0.412922}"
'Coral',' #ff7f50',255,127,80,16.1,100,65.7,2930,254,167,"{0.505882,0.372502}","{0.524199,0.407359}","{0.421402,0.433440}"
'Coral pink','#f88379',248,131,121,4.7,90.1,72.4,855,228,184,"{0.454832,0.339890}","{0.519059,0.405290}","{0.416341,0.431762}"
'Coral red','#ff4040',255,64,64,0,100,62.5,0,254,159,"{0.573523,0.329798}","{0.514340,0.417739}","{0.440848,0.410123}"
'Cordovan','#893f45',137,63,69,355.1,37,39.2,64642,93,100,"{0.450899,0.318582}","{0.462326,0.453348}","{0.412288,0.420498}"
'Corn','#fbec5d',251,236,93,54.3,95.2,67.5,9884,241,171,"{0.409295,0.463695}","{0.540704,0.390964}","{0.397743,0.463379}"
'Cornell Red','#b31b1b',179,27,27,0,73.8,40.4,0,187,103,"{0.605578,0.329896}","{0.478670,0.448076}","{0.440140,0.402037}"
'Cornflower','#9aceeb',154,206,235,201.5,66.9,76.3,36681,169,194,"{0.259286,0.293346}","{0.476704,0.399819}","{0.376005,0.453842}"
'Cornflower blue','#6495ed',100,149,237,218.5,79.2,66.1,39776,201,168,"{0.214400,0.207761}","{0.437134,0.424061}","{0.371494,0.441894}"
'Cornsilk','#fff8dc',255,248,220,48,100,93.1,8738,254,236,"{0.334273,0.356524}","{0.529527,0.376282}","{0.390569,0.455894}"
'Cosmic latte','#fff8e7',255,248,231,42.5,100,95.3,7736,254,242,"{0.327486,0.345603}","{0.527978,0.374991}","{0.390067,0.455068}"
'Cotton candy','#ffbcd9',255,188,217,334,100,86.9,60801,254,220,"{0.345165,0.299424}","{0.520568,0.385733}","{0.400394,0.440754}"
'Cream','#fffdd0',255,253,208,57.4,100,90.8,10449,254,230,"{0.340897,0.373207}","{0.531946,0.376896}","{0.390391,0.457944}"
'Crimson','#dc143c',220,20,60,348,83.3,47.1,63350,211,120,"{0.583744,0.306280}","{0.493274,0.434161}","{0.449846,0.390823}"
'Crimson Red','#990000',153,0,0,0,100,30,0,254,76,"{0.640000,0.330000}","{0.462861,0.462984}","{0.448066,0.390742}"
'Crimson glory','#be0032',190,0,50,344.2,100,37.3,62658,254,95,"{0.589207,0.302012}","{0.477447,0.447105}","{0.452354,0.381655}"
'Cyan','#00ffff',0,255,255,180,100,50,32767,254,127,"{0.224650,0.328741}","{0.383525,0.421808}","{0.333057,0.482129}"
'Daffodil','#ffff31',255,255,49,60,100,59.6,10922,254,151,"{0.414001,0.496468}","{0.548825,0.390317}","{0.397518,0.470699}"
'Dandelion','#f0e130',240,225,48,55.3,86.5,56.5,10066,219,143,"{0.424174,0.485708}","{0.538745,0.398097}","{0.399856,0.465644}"
'Dark blue','#00008b',0,0,139,240,100,27.3,43690,254,70,"{0.150000,0.060000}","{0.370296,0.504534}","{0.376604,0.385544}"
'Dark brown','#654321',101,67,33,30,50.7,26.3,5461,128,67,"{0.452421,0.407624}","{0.446659,0.469565}","{0.403798,0.431054}"
'Dark byzantium','#5d3954',93,57,84,315,24,29.4,57343,60,75,"{0.335332,0.260826}","{0.436550,0.468874}","{0.399913,0.420654}"
'Dark candy apple red','#a40000',164,0,0,0,100,32.2,0,254,82,"{0.640000,0.330000}","{0.468110,0.459043}","{0.451116,0.389777}"
'Dark cerulean','#08457e',8,69,126,209,88.1,26.3,38046,223,67,"{0.185259,0.179708}","{0.384596,0.493154}","{0.364190,0.432402}"
'Dark chestnut','#986960',152,105,96,9.6,22.6,48.6,1747,57,123,"{0.393239,0.344597}","{0.475394,0.438363}","{0.402651,0.434312}"
'Dark coral','#cd5b45',205,91,69,9.7,57.6,53.7,1765,146,136,"{0.508613,0.354311}","{0.499216,0.426843}","{0.421084,0.425886}"
'Dark cyan','#008b8b',0,139,139,180,100,27.3,32767,254,70,"{0.224650,0.328741}","{0.387695,0.480904}","{0.349319,0.461931}"
'Dark electric blue','#536878',83,104,120,205.9,18.2,39.8,37482,46,101,"{0.266550,0.293151}","{0.435640,0.459445}","{0.382402,0.439369}"
'Dark goldenrod','#b8860b',184,134,11,42.7,88.7,38.2,7773,225,97,"{0.474883,0.456678}","{0.502216,0.430209}","{0.409155,0.449989}"
'Dark gray','#a9a9a9',169,169,169,0,0,66.3,0,0,168,"{0.312712,0.329008}","{0.487403,0.413221}","{0.388706,0.447509}"
'Dark green','#013220',1,50,32,158,96.1,10,28762,244,26,"{0.254307,0.430250}","{0.385947,0.514248}","{0.373679,0.436811}"
'Dark jungle green','#1a2421',26,36,33,162,16.1,12.2,29490,40,31,"{0.289532,0.346034}","{0.398471,0.505503}","{0.387529,0.424528}"
'Dark khaki','#bdb76b',189,183,107,55.6,38.3,58,10121,97,147,"{0.379462,0.427858}","{0.506237,0.412761}","{0.394037,0.455151}"
'Dark lava','#483c32',72,60,50,27.3,18,23.9,4969,45,61,"{0.363006,0.361203}","{0.427941,0.480622}","{0.395297,0.429173}"
'Dark lavender','#734f96',115,79,150,270.4,31,44.9,49224,78,114,"{0.269372,0.200473}","{0.445935,0.448277}","{0.395207,0.421291}"
'Dark magenta','#8b008b',139,0,139,300,100,27.3,54612,254,70,"{0.320913,0.154176}","{0.446374,0.455301}","{0.428597,0.374580}"
'Dark midnight blue','#003366',0,51,102,210,100,20,38228,254,51,"{0.179696,0.166906}","{0.379881,0.503689}","{0.366817,0.427046}"
'Dark olive green','#556b2f',85,107,47,82,39,30.2,14927,99,77,"{0.355128,0.472108}","{0.444229,0.467727}","{0.387565,0.448871}"
'Dark orange','#ff8c00',255,140,0,32.9,100,50,5989,254,127,"{0.528946,0.418190}","{0.531281,0.409843}","{0.423429,0.445114}"
'Dark orchid','#9932cc',153,50,204,280.1,60.6,49.8,50989,153,126,"{0.259603,0.138323}","{0.454686,0.433709}","{0.409347,0.397330}"
'Dark pastel blue','#779ecb',119,158,203,212.1,44.7,63.1,38611,113,160,"{0.245896,0.262560}","{0.454807,0.423564}","{0.376849,0.446181}"
'Dark pastel green','#03c03c',3,192,60,138.1,96.9,38.2,25139,246,97,"{0.288357,0.556802}","{0.407588,0.485623}","{0.348482,0.486969}"
'Dark pastel purple','#966fd6',150,111,214,262.7,55.7,63.7,47822,141,162,"{0.254370,0.190022}","{0.461869,0.422110}","{0.392708,0.424863}"
'Dark pastel red','#c23b22',194,59,34,9.4,70.2,44.7,1711,178,114,"{0.575197,0.351189}","{0.490880,0.437728}","{0.431308,0.416543}"
'Dark pink','#e75480',231,84,128,342,75.4,61.8,62258,191,157,"{0.454635,0.282758}","{0.503841,0.416011}","{0.424488,0.414709}"
'Dark powder blue','#003399',0,51,153,220,100,30,40049,254,76,"{0.164002,0.110408}","{0.374652,0.493597}","{0.362514,0.419760}"
'Dark raspberry','#872657',135,38,87,329.7,56.1,33.9,60019,142,86,"{0.422099,0.245883}","{0.455354,0.456379}","{0.418252,0.405416}"
'Dark red','#8b0000',139,0,0,0,100,27.3,0,254,70,"{0.640000,0.330000}","{0.455997,0.468137}","{0.444039,0.392017}"
'Dark salmon','#e9967a',233,150,122,15.1,71.6,69.6,2748,181,177,"{0.427731,0.361113}","{0.516649,0.405733}","{0.408916,0.439382}"
'Dark scarlet','#560319',86,3,25,344.1,93.3,17.5,62640,236,45,"{0.556153,0.290621}","{0.427553,0.486412}","{0.422825,0.395972}"
'Dark sea green','#8fbc8f',143,188,143,120,25.1,64.9,21845,63,165,"{0.309588,0.395603}","{0.481415,0.420455}","{0.381045,0.458332}"
'Dark sienna','#3c1414',60,20,20,0,50,15.7,0,127,40,"{0.488301,0.329540}","{0.416262,0.494942}","{0.407194,0.411578}"
'Dark slate blue','#483d8b',72,61,139,248.5,39,39.2,45237,99,100,"{0.220602,0.161252}","{0.419978,0.468153}","{0.387519,0.418381}"
'Dark slate gray','#2f4f4f',47,79,79,180,25.4,24.7,32767,64,63,"{0.261660,0.328854}","{0.414187,0.483947}","{0.379684,0.438130}"
'Dark spring green','#177245',23,114,69,150.3,66.4,26.9,27360,168,69,"{0.268085,0.455399}","{0.406245,0.489478}","{0.365264,0.457919}"
'Dark tan','#918151',145,129,81,45,28.3,44.3,8191,71,113,"{0.386885,0.410866}","{0.477848,0.438065}","{0.396361,0.445652}"
'Dark tangerine','#ffa812',255,168,18,38,100,53.5,6917,254,136,"{0.494926,0.440917}","{0.535392,0.404871}","{0.415638,0.451900}"
'Dark taupe','#483c32',72,60,50,27.3,18,23.9,4969,45,61,"{0.363006,0.361203}","{0.427941,0.480622}","{0.395297,0.429173}"
'Dark terra cotta','#cc4e5c',204,78,92,353.3,55.3,55.3,64315,140,140,"{0.485623,0.313165}","{0.494674,0.427356}","{0.422869,0.418124}"
'Dark turquoise','#00ced1',0,206,209,180.9,100,41,32931,254,104,"{0.223432,0.324354}","{0.386208,0.448342}","{0.338676,0.474655}"
'Dark violet','#9400d3',148,0,211,282.1,100,41.4,51353,254,105,"{0.245952,0.112872}","{0.443445,0.442656}","{0.423907,0.365804}"
'Dartmouth green','#00693e',0,105,62,155.4,100,20.6,28289,254,53,"{0.261590,0.461726}","{0.391070,0.501979}","{0.359378,0.458952}"
'Davy grey','#555555',85,85,85,0,0,33.3,0,0,85,"{0.312712,0.329008}","{0.436920,0.467013}","{0.389901,0.435074}"
'Debian red','#d70a53',215,10,83,338.6,91.1,44.1,61639,231,112,"{0.544281,0.280289}","{0.487954,0.435507}","{0.450589,0.382666}"
'Deep carmine','#a9203e',169,32,62,346.9,68.2,39.4,63150,173,100,"{0.536473,0.296753}","{0.472812,0.448065}","{0.432151,0.401734}"
'Deep carmine pink','#ef3038',239,48,56,357.5,85.7,56.3,65079,217,143,"{0.584774,0.324783}","{0.506034,0.424827}","{0.443659,0.404723}"
'Deep carrot orange','#e9692c',233,105,44,19.4,81.1,54.3,3531,205,138,"{0.540389,0.381507}","{0.514665,0.418541}","{0.425166,0.431071}"
'Deep cerise','#da3287',218,50,135,329.6,69.4,52.5,60000,176,133,"{0.440648,0.242407}","{0.492052,0.424054}","{0.431428,0.399360}"
'Deep champagne','#fad6a5',250,214,165,34.6,89.5,81.4,6298,227,206,"{0.375687,0.380359}","{0.529300,0.388188}","{0.397627,0.452366}"
'Deep chestnut','#b94e48',185,78,72,3.2,44.7,50.4,582,113,128,"{0.496510,0.337203}","{0.487894,0.434689}","{0.419924,0.422068}"
'Deep coffee','#704241',112,66,65,1.3,26.6,34.7,236,67,88,"{0.411447,0.331554}","{0.450113,0.462345}","{0.404631,0.425284}"
'Deep fuchsia','#c154c1',193,84,193,300,46.8,54.3,54612,118,138,"{0.318887,0.197361}","{0.480896,0.418644}","{0.411034,0.411677}"
'Deep jungle green','#004b49',0,75,73,178.4,100,14.7,32476,254,38,"{0.226695,0.336102}","{0.385731,0.504957}","{0.364117,0.444034}"
'Deep lilac','#9955bb',153,85,187,280,42.9,53.3,50971,108,135,"{0.278182,0.184965}","{0.462549,0.430073}","{0.401283,0.416288}"
'Deep magenta','#cc00cc',204,0,204,300,100,40,54612,254,102,"{0.320913,0.154176}","{0.470950,0.428183}","{0.439943,0.363978}"
'Deep peach','#ffcba4',255,203,164,25.7,100,82.2,4678,254,208,"{0.384368,0.369715}","{0.529357,0.389026}","{0.400505,0.449124}"
'Deep pink','#ff1493',255,20,147,327.6,100,53.9,59636,254,137,"{0.465820,0.237822}","{0.500832,0.418128}","{0.449517,0.379539}"
'Deep saffron','#ff9933',255,153,51,30,100,60,5461,254,152,"{0.500320,0.416248}","{0.530753,0.405320}","{0.417014,0.444504}"
'Deep sky blue','#00bfff',0,191,255,195.1,100,50,35516,254,127,"{0.201066,0.243837}","{0.375952,0.437964}","{0.337697,0.465584}"
'Denim','#1560bd',21,96,189,213.2,80,41.2,38811,203,105,"{0.180775,0.161247}","{0.388447,0.469956}","{0.359403,0.435598}"
'Desert','#c19a6b',193,154,107,32.8,41,58.8,5970,104,149,"{0.399710,0.392090}","{0.502546,0.416597}","{0.400531,0.446073}"
'Desert sand','#edc9af',237,201,175,25.2,63.3,80.8,4587,160,205,"{0.361551,0.357716}","{0.521231,0.391643}","{0.396872,0.449383}"
'Dim gray','#696969',105,105,105,0,0,41.2,0,0,105,"{0.312712,0.329008}","{0.449880,0.453399}","{0.389545,0.438777}"
'Dodger blue','#1e90ff',30,144,255,209.6,100,55.9,38155,254,142,"{0.184953,0.177734}","{0.390104,0.440415}","{0.351439,0.446342}"
'Dogwood rose','#d71868',215,24,104,334.9,79.9,46.9,60965,202,119,"{0.501362,0.261699}","{0.488871,0.431691}","{0.442803,0.388778}"
'Dollar bill','#85bb65',133,187,101,97.7,38.7,56.5,17785,98,143,"{0.331005,0.460720}","{0.481094,0.429222}","{0.381202,0.463217}"
'Drab','#967117',150,113,23,42.5,73.4,33.9,7736,186,86,"{0.461707,0.454754}","{0.481651,0.444280}","{0.405405,0.445458}"
'Duke blue','#00009c',0,0,156,240,100,30.6,43690,254,78,"{0.150000,0.060000}","{0.368620,0.501153}","{0.374805,0.382960}"
'Earth yellow','#e1a95f',225,169,95,34.2,68.4,62.7,6225,173,159,"{0.431703,0.412600}","{0.519433,0.406960}","{0.404908,0.448414}"
'Ecru','#c2b280',194,178,128,45.5,35.1,63.1,8282,89,160,"{0.369636,0.394285}","{0.505260,0.410127}","{0.394836,0.451293}"
'Eggplant','#614051',97,64,81,329.1,20.5,31.6,59909,52,80,"{0.347828,0.286865}","{0.440262,0.466538}","{0.399390,0.424131}"
'Eggshell','#f0ead6',240,234,214,46.2,46.4,89,8410,117,226,"{0.329587,0.349716}","{0.522704,0.381481}","{0.390196,0.454401}"
'Egyptian blue','#1034a6',16,52,166,225.6,82.4,35.7,41068,209,91,"{0.165457,0.105730}","{0.382701,0.484907}","{0.367567,0.416535}"
'Electric blue','#7df9ff',125,249,255,182.8,100,74.5,33277,254,189,"{0.245004,0.321896}","{0.464693,0.393645}","{0.363352,0.466044}"
'Electric crimson','#ff003f',255,0,63,345.2,100,50,62840,254,127,"{0.598389,0.307072}","{0.503411,0.427140}","{0.466294,0.376067}"
'Electric cyan','#00ffff',0,255,255,180,100,50,32767,254,127,"{0.224650,0.328741}","{0.383525,0.421808}","{0.333057,0.482129}"
'Electric green','#00ff00',0,255,0,120,100,50,21845,254,127,"{0.300000,0.600000}","{0.423854,0.484291}","{0.344328,0.508120}"
'Electric indigo','#6f00ff',111,0,255,266.1,100,50,48441,254,127,"{0.188447,0.081185}","{0.418690,0.445838}","{0.408064,0.362614}"
'Electric lavender','#f4bbff',244,187,255,290.3,100,86.7,52846,254,220,"{0.307462,0.260662}","{0.511049,0.383105}","{0.396474,0.438383}"
'Electric lime','#ccff00',204,255,0,72,100,50,13107,254,127,"{0.383678,0.533550}","{0.534976,0.404969}","{0.390519,0.480294}"
'Electric purple','#bf00ff',191,0,255,284.9,100,50,51863,254,127,"{0.256906,0.118908}","{0.459141,0.424665}","{0.431640,0.359299}"
'Electric ultramarine','#3f00ff',63,0,255,254.8,100,50,46384,254,127,"{0.162708,0.067002}","{0.392259,0.459672}","{0.391172,0.364990}"
'Electric violet','#8f00ff',143,0,255,273.6,100,50,49806,254,127,"{0.212845,0.094629}","{0.435538,0.437019}","{0.418107,0.361202}"
'Electric yellow','#ffff00',255,255,0,60,100,50,10922,254,127,"{0.419313,0.505251}","{0.551916,0.392877}","{0.399896,0.474645}"
'Emerald','#50c878',80,200,120,140,52.2,54.9,25485,132,139,"{0.283109,0.459249}","{0.451654,0.442055}","{0.365368,0.471494}"
'Eton blue','#96c8a2',150,200,162,134.4,31.3,68.6,24466,79,174,"{0.301228,0.381917}","{0.484695,0.413554}","{0.379727,0.459111}"
'Fallow','#c19a6b',193,154,107,32.8,41,58.8,5970,104,149,"{0.399710,0.392090}","{0.502546,0.416597}","{0.400531,0.446073}"
'Falu red','#801818',128,24,24,0,68.4,29.8,0,173,76,"{0.583556,0.329829}","{0.453572,0.466878}","{0.427558,0.405680}"
'Famous','#ff00ff',255,0,255,300,100,50,54612,254,127,"{0.320913,0.154176}","{0.486995,0.410086}","{0.447309,0.357096}"
'Fandango','#b53389',181,51,137,320.3,56,45.5,58307,142,116,"{0.387899,0.219365}","{0.475691,0.434064}","{0.421941,0.402657}"
'Fashion fuchsia','#f400a1',244,0,161,320.4,100,47.8,58326,254,121,"{0.432338,0.215574}","{0.492069,0.422561}","{0.453831,0.366578}"
'Fawn','#e5aa70',229,170,112,29.7,69.2,66.9,5406,175,170,"{0.420809,0.395083}","{0.519593,0.404400}","{0.404524,0.446799}"
'Feldgrau','#4d5d53',77,93,83,142.5,9.4,33.3,25940,23,85,"{0.302302,0.355247}","{0.433937,0.468981}","{0.385727,0.439866}"
'Fern','#71bc78',113,188,120,125.6,35.9,59,22864,91,150,"{0.302453,0.438210}","{0.468375,0.433039}","{0.375247,0.464069}"
'Fern green','#4f7942',79,121,66,105.8,29.4,36.7,19260,74,93,"{0.321229,0.457493}","{0.441812,0.465420}","{0.381463,0.452781}"
'Ferrari Red','#ff2800',255,40,0,9.4,100,50,1711,254,127,"{0.627160,0.340196}","{0.513436,0.424515}","{0.455228,0.405211}"
'Field drab','#6c541e',108,84,30,41.5,56.5,27.1,7554,143,69,"{0.440016,0.441569}","{0.453880,0.464246}","{0.401261,0.438316}"
'Fire engine red','#ce2029',206,32,41,356.9,73.1,46.7,64970,185,119,"{0.597147,0.324216}","{0.490688,0.437759}","{0.443492,0.400822}"
'Firebrick','#b22222',178,34,34,0,67.9,41.6,0,172,106,"{0.591069,0.329852}","{0.479108,0.446848}","{0.436417,0.405261}"
'Flame','#e25822',226,88,34,16.9,76.8,51,3076,195,130,"{0.561717,0.371891}","{0.509466,0.423670}","{0.429343,0.426113}"
'Flamingo pink','#fc8eac',252,142,172,343.6,94.8,77.3,62549,240,196,"{0.396009,0.297528}","{0.517372,0.398101}","{0.411453,0.430638}"
'Flavescent','#f7e98e',247,233,142,52,86.8,76.3,9466,220,194,"{0.381734,0.421964}","{0.533994,0.388068}","{0.395096,0.459155}"
'Flax','#eedc82',238,220,130,50,76.1,72.2,9102,193,183,"{0.387914,0.424352}","{0.529897,0.392953}","{0.396145,0.457857}"
'Floral white','#fffaf0',255,250,240,40,100,97.1,7281,254,246,"{0.321838,0.338686}","{0.526981,0.373606}","{0.389372,0.454860}"
'Fluorescent orange','#ffbf00',255,191,0,44.9,100,50,8173,254,127,"{0.473147,0.462501}","{0.540458,0.402298}","{0.411754,0.459765}"
'Fluorescent pink','#ff1493',255,20,147,327.6,100,53.9,59636,254,137,"{0.465820,0.237822}","{0.500832,0.418128}","{0.449517,0.379539}"
'Fluorescent yellow','#ccff00',204,255,0,72,100,50,13107,254,127,"{0.383678,0.533550}","{0.534976,0.404969}","{0.390519,0.480294}"
'Folly','#ff004f',255,0,79,341.4,100,50,62149,254,127,"{0.577584,0.295608}","{0.502462,0.426154}","{0.464619,0.374394}"
'Forest green','#228b22',34,139,34,120,60.7,33.9,21845,154,86,"{0.301832,0.560937}","{0.420619,0.485312}","{0.366799,0.469559}"
'French beige','#a67b5b',166,123,91,25.6,29.6,50.4,4660,75,128,"{0.406420,0.378973}","{0.486003,0.431329}","{0.402151,0.440087}"
'French blue','#0072bb',0,114,187,203.4,100,36.7,37027,254,93,"{0.187680,0.195649}","{0.377945,0.474164}","{0.349592,0.446474}"
'French lilac','#86608e',134,96,142,289.6,19.3,46.7,52719,49,119,"{0.305526,0.248795}","{0.459944,0.440186}","{0.396880,0.427698}"
'French rose','#f64a8a',246,74,138,337.7,90.5,62.7,61475,229,159,"{0.459032,0.268325}","{0.507113,0.412982}","{0.429914,0.408179}"
'Fuchsia','#ff00ff',255,0,255,300,100,50,54612,254,127,"{0.320913,0.154176}","{0.486995,0.410086}","{0.447309,0.357096}"
'Fuchsia pink','#ff77ff',255,119,255,300,100,73.3,54612,254,186,"{0.318688,0.201593}","{0.504948,0.391853}","{0.412060,0.415219}"
'Fulvous','#e48400',228,132,0,34.7,100,44.7,6316,254,114,"{0.519340,0.425818}","{0.520197,0.418120}","{0.419986,0.445418}"
'Fuzzy Wuzzy','#cc6666',204,102,102,0,50,60,0,127,152,"{0.453139,0.329434}","{0.498183,0.422621}","{0.415426,0.427091}"
'Gainsboro','#dcdcdc',220,220,220,0,0,86.3,0,0,219,"{0.312712,0.329008}","{0.511764,0.386420}","{0.388245,0.452306}"
'Gamboge','#e49b0f',228,155,15,39.4,87.7,47.6,7172,222,121,"{0.488670,0.445948}","{0.523715,0.413797}","{0.413416,0.451244}"
'Ghost white','#f8f8ff',248,248,255,240,100,98.6,43690,254,250,"{0.308611,0.322228}","{0.521865,0.372988}","{0.387726,0.453893}"
'Ginger','#b06500',176,101,0,34.4,100,34.5,6262,254,88,"{0.518731,0.426302}","{0.492796,0.438888}","{0.416687,0.440288}"
'Glaucous','#6082b6',96,130,182,216.3,37.1,54.5,39375,94,138,"{0.234984,0.241402}","{0.439987,0.439706}","{0.376906,0.441146}"
'Glitter','#e6e8fa',230,232,250,234,66.7,94.1,42597,169,239,"{0.300326,0.310609}","{0.513220,0.378788}","{0.386933,0.452033}"
'Gold','#ffd700',255,215,0,50.6,100,50,9211,254,127,"{0.450649,0.480367}","{0.544769,0.398753}","{0.406991,0.465741}"
'Golden brown','#996515',153,101,21,36.4,75.9,34.1,6626,192,87,"{0.485269,0.436777}","{0.480866,0.445398}","{0.409437,0.440739}"
'Golden poppy','#fcc200',252,194,0,46.2,100,49.4,8410,254,125,"{0.467896,0.466671}","{0.540029,0.402557}","{0.410571,0.460863}"
'Golden yellow','#ffdf00',255,223,0,52.5,100,50,9557,254,127,"{0.443771,0.485829}","{0.546203,0.397574}","{0.405493,0.467622}"
'Goldenrod','#daa520',218,165,32,42.9,74.4,49,7809,188,124,"{0.464555,0.456842}","{0.520812,0.413931}","{0.408079,0.453721}"
'Granny Smith Apple','#a8e4a0',168,228,160,112.9,55.7,76.1,20552,141,193,"{0.313972,0.414679}","{0.498907,0.404006}","{0.379556,0.464514}"
'Gray','#808080',128,128,128,0,0,50.2,0,0,128,"{0.312712,0.329008}","{0.464152,0.438255}","{0.389199,0.442378}"
'Gray asparagus','#465945',70,89,69,117,12.7,31,21298,32,79,"{0.311643,0.385698}","{0.430400,0.474280}","{0.385568,0.440775}"
'Green','#00ff00',0,255,0,120,100,50,21845,254,127,"{0.300000,0.600000}","{0.423854,0.484291}","{0.344328,0.508120}"
'Green Blue','#1164b4',17,100,180,209.4,82.7,38.6,38119,210,98,"{0.184848,0.177794}","{0.387717,0.472672}","{0.357991,0.439023}"
'Green yellow','#adff2f',173,255,47,83.7,100,59.2,15236,254,150,"{0.357796,0.539030}","{0.519192,0.410207}","{0.382175,0.479831}"
'Grullo','#a99a86',169,154,134,34.3,16.9,59.4,6244,42,151,"{0.347331,0.358625}","{0.488880,0.420335}","{0.393539,0.446085}"
'Guppie green','#00ff7f',0,255,127,149.9,100,50,27288,254,127,"{0.273536,0.504730}","{0.407774,0.459377}","{0.338546,0.494787}"
'Halayà úbe','#663854',102,56,84,323.5,29.1,31,58890,73,79,"{0.354767,0.262872}","{0.441338,0.465653}","{0.402977,0.419088}"
'Han blue','#446ccf',68,108,207,222.7,59.1,53.9,40540,150,137,"{0.196618,0.170252}","{0.416358,0.448023}","{0.371237,0.433000}"
'Han purple','#5218fa',82,24,250,255.4,95.8,53.7,46493,243,136,"{0.173265,0.076916}","{0.406615,0.450794}","{0.391344,0.381999}"
'Hansa yellow','#e9d66b',233,214,107,51,74.1,66.7,9284,188,169,"{0.401098,0.442170}","{0.529362,0.396990}","{0.397392,0.458766}"
'Harlequin','#3fff00',63,255,0,105.2,100,50,19150,254,127,"{0.308898,0.592934}","{0.466069,0.454157}","{0.360320,0.498487}"
'Harvard crimson','#c90016',201,0,22,353.4,100,39.4,64333,254,100,"{0.627748,0.323249}","{0.483790,0.445348}","{0.458226,0.384142}"
'Harvest Gold','#da9100',218,145,0,39.9,100,42.7,7263,254,109,"{0.494619,0.445449}","{0.518862,0.418875}","{0.414663,0.450710}"
'Heart Gold','#808000',128,128,0,60,100,25.1,10922,254,64,"{0.419313,0.505251}","{0.475072,0.451404}","{0.397827,0.456170}"
'Heliotrope','#df73ff',223,115,255,286.3,100,72.5,52118,254,184,"{0.290022,0.186788}","{0.491259,0.398494}","{0.406228,0.416207}"
'Hollywood cerise','#f400a1',244,0,161,320.4,100,47.8,58326,254,121,"{0.432338,0.215574}","{0.492069,0.422561}","{0.453831,0.366578}"
'Honeydew','#f0fff0',240,255,240,120,100,97.1,21845,254,246,"{0.312016,0.343838}","{0.522222,0.374957}","{0.385982,0.457353}"
'Hooker green','#49796b',73,121,107,162.5,24.7,38,29581,62,97,"{0.273342,0.360763}","{0.434212,0.462053}","{0.376943,0.448848}"
'Hot magenta','#ff1dce',255,29,206,313,100,55.7,56979,254,141,"{0.376852,0.189778}","{0.496745,0.411164}","{0.440960,0.378928}"
'Hot pink','#ff69b4',255,105,180,330,100,70.6,60073,254,179,"{0.400400,0.254519}","{0.511593,0.402318}","{0.420266,0.416408}"
'Hunter green','#355e3b',53,94,59,128.8,27.9,28.8,23446,70,73,"{0.299558,0.434393}","{0.422083,0.481674}","{0.379802,0.446574}"
'Icterine','#fcf75e',252,247,94,58.1,96.3,67.8,10576,244,172,"{0.403220,0.470581}","{0.542832,0.389046}","{0.396095,0.465686}"
'Inchworm','#b2ec5d',178,236,93,84.3,79,64.5,15346,200,164,"{0.354844,0.495250}","{0.513082,0.407923}","{0.383728,0.471095}"
'India green','#138808',19,136,8,114.8,88.9,28.2,20898,225,72,"{0.303289,0.590982}","{0.412544,0.495861}","{0.364288,0.474290}"
'Indian red','#cd5c5c',205,92,92,0,53.1,58.2,0,134,148,"{0.476143,0.329503}","{0.497632,0.424827}","{0.419082,0.423971}"
'Indian yellow','#e3a857',227,168,87,34.7,71.4,61.6,6316,181,156,"{0.440378,0.418310}","{0.520701,0.407275}","{0.405988,0.448629}"
'Indigo','#4b0082',75,0,130,274.6,100,25.5,49988,254,65,"{0.220776,0.098999}","{0.413130,0.478725}","{0.408429,0.380235}"
'International Klein Blue','#002fa7',0,47,167,223.1,100,32.7,40613,254,83,"{0.160189,0.096681}","{0.372603,0.491203}","{0.362176,0.415394}"
'International orange','#ff4f00',255,79,0,18.6,100,50,3385,254,127,"{0.597042,0.364113}","{0.520352,0.418828}","{0.441056,0.422995}"
'Iris','#5a4fcf',90,79,207,245.2,57.1,56.1,44636,145,142,"{0.200852,0.134870}","{0.424862,0.446699}","{0.383646,0.417535}"
'Isabelline','#f4f0ec',244,240,236,30,26.7,94.1,5461,67,239,"{0.317804,0.333023}","{0.522002,0.377218}","{0.389014,0.453790}"
'Islamic green','#009000',0,144,0,120,100,28.2,21845,254,72,"{0.300000,0.600000}","{0.402304,0.504424}","{0.357318,0.481197}"
'Ivory','#fffff0',255,255,240,60,100,97.1,10922,254,246,"{0.321441,0.343440}","{0.527737,0.372852}","{0.388664,0.456009}"
'Jade','#00a86b',0,168,107,158.2,100,32.9,28798,254,84,"{0.258775,0.451589}","{0.396078,0.482373}","{0.347692,0.475230}"
'Jasmine','#f8de7e',248,222,126,47.2,89.7,73.3,8592,227,186,"{0.397311,0.426900}","{0.534158,0.390991}","{0.397878,0.457692}"
'Jasper','#d73b3e',215,59,62,358.8,66.1,53.7,65316,167,136,"{0.555834,0.327129}","{0.498044,0.429498}","{0.433870,0.411530}"
'Jazzberry jam','#a50b5e',165,11,94,327.7,87.5,34.5,59655,222,88,"{0.463306,0.237424}","{0.464864,0.449904}","{0.436201,0.385597}"
'Jonquil','#fada5e',250,218,94,47.7,94,67.5,8683,238,171,"{0.419300,0.449310}","{0.537172,0.393797}","{0.400564,0.459122}"
'June bud','#bdda57',189,218,87,73.3,63.9,59.8,13343,162,152,"{0.373770,0.482293}","{0.514896,0.408716}","{0.389076,0.466126}"
'Jungle green','#29ab87',41,171,135,163.4,61.3,41.6,29745,155,106,"{0.250877,0.396176}","{0.419867,0.459647}","{0.357987,0.466940}"
'KU Crimson','#e8000d',232,0,13,356.6,100,45.5,64916,254,116,"{0.635480,0.327509}","{0.497060,0.436298}","{0.466572,0.382960}"
'Kelly green','#4cbb17',76,187,23,100.6,78.1,41.2,18313,198,105,"{0.322010,0.572056}","{0.456989,0.459477}","{0.371548,0.478698}"
'Khaki','#c3b091',195,176,145,37.2,29.4,66.7,6771,74,169,"{0.356596,0.369463}","{0.503430,0.408346}","{0.394460,0.449081}"
'La Salle Green','#087830',8,120,48,141.4,87.5,25.1,25740,222,64,"{0.281601,0.524808}","{0.399674,0.498201}","{0.360625,0.465319}"
'Languid lavender','#d6cadd',214,202,221,277.9,21.8,82.9,50589,55,210,"{0.308393,0.307680}","{0.506181,0.390388}","{0.389838,0.448044}"
'Lapis lazuli','#26619c',38,97,156,210,60.8,38,38228,154,97,"{0.199541,0.204722}","{0.403340,0.470930}","{0.367243,0.437865}"
'Laser Lemon','#fefe22',254,254,34,60,99.1,56.5,10922,251,143,"{0.416495,0.500592}","{0.549390,0.391536}","{0.398226,0.471792}"
'Laurel green','#a9ba9d',169,186,157,95.2,17.4,67.3,17330,44,171,"{0.320924,0.368905}","{0.492030,0.411763}","{0.386433,0.453617}"
'Lava','#cf1020',207,16,32,355,85.7,43.7,64624,217,111,"{0.615062,0.322894}","{0.488723,0.440453}","{0.451269,0.392584}"
'Lavender','#e6e6fa',230,230,250,240,66.7,94.1,43690,169,239,"{0.300328,0.308535}","{0.512908,0.379111}","{0.387225,0.451537}"
'Lavender blue','#ccccff',204,204,255,240,100,90,43690,254,228,"{0.279167,0.273549}","{0.497030,0.387062}","{0.385806,0.446736}"
'Lavender blush','#fff0f5',255,240,245,340,100,97.1,61894,254,246,"{0.319528,0.324182}","{0.524736,0.374507}","{0.390591,0.452129}"
'Lavender gray','#c4c3d0',196,195,208,244.6,12.1,79,44527,30,200,"{0.304032,0.313419}","{0.499097,0.396944}","{0.387983,0.448925}"
'Lavender indigo','#9457eb',148,87,235,264.7,78.7,63.1,48186,199,160,"{0.234782,0.146561}","{0.454014,0.423578}","{0.396084,0.412765}"
'Lavender magenta','#ee82ee',238,130,238,300,76.1,72.2,54612,193,183,"{0.317898,0.218446}","{0.502143,0.395372}","{0.407191,0.422018}"
'Lavender mist','#e6e6fa',230,230,250,240,66.7,94.1,43690,169,239,"{0.300328,0.308535}","{0.512908,0.379111}","{0.387225,0.451537}"
'Lavender pink','#fbaed2',251,174,210,331.9,90.6,83.3,60419,230,211,"{0.349990,0.291540}","{0.517765,0.389373}","{0.402570,0.437605}"
'Lavender purple','#967bb6',150,123,182,267.5,28.8,59.8,48696,73,152,"{0.282323,0.241383}","{0.468177,0.424847}","{0.392273,0.432671}"
'Lavender rose','#fba0e3',251,160,227,315.8,91.9,80.6,57488,233,204,"{0.337021,0.260583}","{0.513388,0.389585}","{0.404311,0.431917}"
'Lawn green','#7cfc00',124,252,0,90.5,100,49.4,16474,254,125,"{0.334229,0.572818}","{0.499625,0.430295}","{0.374648,0.489494}"
'Lemon','#fff700',255,247,0,58.1,100,50,10576,254,127,"{0.424983,0.500749}","{0.550492,0.394048}","{0.401239,0.472960}"
'Lemon Yellow','#fff44f',255,244,79,56.3,100,65.5,10248,254,166,"{0.412832,0.476271}","{0.544578,0.389990}","{0.397841,0.465912}"
'Lemon chiffon','#fffacd',255,250,205,54,100,90.2,9830,254,229,"{0.343254,0.373418}","{0.531880,0.377681}","{0.390964,0.457486}"
'Lemon lime','#bfff00',191,255,0,75.1,100,50,13671,254,127,"{0.374722,0.540662}","{0.530063,0.408477}","{0.388010,0.481805}"
'Light Crimson','#f56991',245,105,145,342.9,87.5,68.6,62422,222,174,"{0.435736,0.287615}","{0.511312,0.407858}","{0.420571,0.420399}"
'Light Thulian pink','#e68fac',230,143,172,340,63.5,73.1,61894,161,185,"{0.374176,0.295799}","{0.509111,0.402623}","{0.406764,0.432943}"
'Light apricot','#fdd5b1',253,213,177,28.4,95,84.3,5169,241,214,"{0.369498,0.366480}","{0.528795,0.386585}","{0.397747,0.450873}"
'Light blue','#add8e6',173,216,230,194.7,53.3,79,35443,135,200,"{0.274879,0.312326}","{0.488676,0.394728}","{0.378894,0.455010}"
'Light brown','#b5651d',181,101,29,28.4,72.4,41.2,5169,183,105,"{0.511742,0.411019}","{0.493387,0.435438}","{0.415690,0.436596}"
'Light carmine pink','#e66771',230,103,113,355.3,71.8,65.3,64679,182,166,"{0.464978,0.318519}","{0.508059,0.414610}","{0.420134,0.423945}"
'Light coral','#f08080',240,128,128,0,78.9,72.2,0,200,183,"{0.440900,0.329397}","{0.514928,0.406996}","{0.414965,0.430833}"
'Light cornflower blue','#93ccea',147,204,234,200.7,67.4,74.7,36535,171,189,"{0.255441,0.291560}","{0.472900,0.401938}","{0.374797,0.454104}"
'Light cyan','#e0ffff',224,255,255,180,100,93.9,32767,254,238,"{0.294037,0.328952}","{0.513589,0.375250}","{0.382390,0.457678}"
'Light fuchsia pink','#f984ef',249,132,239,305.1,90.7,74.7,55540,230,189,"{0.326917,0.222862}","{0.506693,0.392868}","{0.408958,0.421747}"
'Light goldenrod yellow','#fafad2',250,250,210,60,80,90.2,10922,203,229,"{0.336805,0.368842}","{0.529445,0.377885}","{0.389843,0.457564}"
'Light gray','#d3d3d3',211,211,211,0,0,82.7,0,0,210,"{0.312712,0.329008}","{0.507846,0.390777}","{0.388317,0.451558}"
'Light green','#90ee90',144,238,144,120,73.4,74.9,21845,186,190,"{0.307023,0.450285}","{0.491349,0.410569}","{0.373887,0.470934}"
'Light khaki','#f0e68c',240,230,140,54,76.9,74.5,9830,195,189,"{0.378887,0.423104}","{0.531254,0.390065}","{0.394384,0.459281}"
'Light pastel purple','#b19cd9',177,156,217,260.7,44.5,73.1,47458,113,185,"{0.280923,0.251813}","{0.482426,0.406751}","{0.390103,0.438219}"
'Light pink','#ffb6c1',255,182,193,351,100,85.7,63896,254,217,"{0.366644,0.317695}","{0.522594,0.389272}","{0.402768,0.440981}"
'Light salmon','#ffa07a',255,160,122,17.1,100,73.9,3112,254,187,"{0.441788,0.368466}","{0.526428,0.399267}","{0.411156,0.440408}"
'Light salmon pink','#ff9999',255,153,153,0,100,80,0,254,203,"{0.414837,0.329318}","{0.522267,0.397624}","{0.410811,0.435571}"
'Light sea green','#20b2aa',32,178,170,176.7,69.5,41.2,32166,176,105,"{0.232220,0.342406}","{0.410129,0.453934}","{0.352630,0.466481}"
'Light sky blue','#87cefa',135,206,250,203,92,75.5,36954,233,192,"{0.241509,0.275197}","{0.464055,0.401274}","{0.371045,0.454496}"
'Light slate gray','#778899',119,136,153,210,14.3,53.3,38228,36,135,"{0.278547,0.299528}","{0.457808,0.436084}","{0.383712,0.443690}"
'Light taupe','#b38b6d',179,139,109,25.7,31.5,56.5,4678,80,143,"{0.390985,0.372716}","{0.493345,0.422864}","{0.400442,0.442475}"
'Light yellow','#ffffed',255,255,237,60,100,96.5,10922,254,245,"{0.323210,0.346365}","{0.528177,0.373216}","{0.388799,0.456231}"
'Lilac','#c8a2c8',200,162,200,300,25.7,71,54612,65,180,"{0.314900,0.282366}","{0.496354,0.402829}","{0.395005,0.439445}"
'Lime','#bfff00',191,255,0,75.1,100,50,13671,254,127,"{0.374722,0.540662}","{0.530063,0.408477}","{0.388010,0.481805}"
'Lime green','#32cd32',50,205,50,120,60.8,50,21845,154,127,"{0.301567,0.566601}","{0.442261,0.463748}","{0.360653,0.484180}"
'Lincoln green','#195905',25,89,5,105.7,89.4,18.4,19241,227,47,"{0.314596,0.578945}","{0.408209,0.501061}","{0.375712,0.455971}"
'Linen','#faf0e6',250,240,230,30,66.7,94.1,5461,169,239,"{0.325570,0.338970}","{0.525088,0.377058}","{0.390383,0.453707}"
'Lion','#c19a6b',193,154,107,32.8,41,58.8,5970,104,149,"{0.399710,0.392090}","{0.502546,0.416597}","{0.400531,0.446073}"
'Liver','#534b4f',83,75,79,330,5.1,31,60073,12,79,"{0.320722,0.318211}","{0.434532,0.470278}","{0.392279,0.431452}"
'Lust','#e62020',230,32,32,0,79.8,51.4,0,202,131,"{0.613613,0.329920}","{0.501032,0.431154}","{0.449953,0.399769}"
'MSU Green','#18453b',24,69,59,166.7,48.4,18.2,30346,122,47,"{0.254485,0.368206}","{0.400485,0.497979}","{0.375573,0.439317}"
'Macaroni and Cheese','#ffbd88',255,189,136,26.7,100,76.7,4860,254,195,"{0.412897,0.384160}","{0.529989,0.393716}","{0.404548,0.447635}"
'Magenta','#ff00ff',255,0,255,300,100,50,54612,254,127,"{0.320913,0.154176}","{0.486995,0.410086}","{0.447309,0.357096}"
'Magic mint','#aaf0d1',170,240,209,153.4,70,80.4,27925,177,204,"{0.286928,0.365506}","{0.494741,0.394234}","{0.375985,0.463057}"
'Magnolia','#f8f4ff',248,244,255,261.8,100,97.8,47658,254,248,"{0.308732,0.318325}","{0.521262,0.373605}","{0.388293,0.452949}"
'Mahogany','#c04000',192,64,0,20,100,37.6,3640,254,96,"{0.588159,0.371168}","{0.492752,0.439576}","{0.432060,0.422863}"
'Maize','#fbec5d',251,236,93,54.3,95.2,67.5,9884,241,171,"{0.409295,0.463695}","{0.540704,0.390964}","{0.397743,0.463379}"
'Majorelle Blue','#6050dc',96,80,220,246.9,66.7,58.8,44946,169,149,"{0.199685,0.129750}","{0.426657,0.442183}","{0.384274,0.415968}"
'Malachite','#0bda51',11,218,81,140.3,90.4,44.9,25540,229,114,"{0.284932,0.542316}","{0.415389,0.472984}","{0.346948,0.489794}"
'Manatee','#979aaa',151,154,170,230.5,10.1,62.9,41960,25,160,"{0.295565,0.305115}","{0.475725,0.420659}","{0.387218,0.444583}"
'Mango Tango','#ff8243',255,130,67,20.1,100,63.1,3659,254,160,"{0.513669,0.384812}","{0.525642,0.407765}","{0.421511,0.435649}"
'Mantis','#74c365',116,195,101,110.4,43.9,58,20097,111,147,"{0.316073,0.475015}","{0.473670,0.433323}","{0.375921,0.467476}"
'Maroon','#800000',128,0,0,0,100,25.1,0,254,64,"{0.640000,0.330000}","{0.450466,0.472289}","{0.440754,0.393056}"
'Mauve','#e0b0ff',224,176,255,276.5,100,84.5,50334,254,214,"{0.292210,0.245892}","{0.501232,0.388253}","{0.394432,0.436877}"
'Mauve taupe','#915f6d',145,95,109,343.2,20.8,47.1,62476,52,120,"{0.368490,0.304449}","{0.468824,0.440934}","{0.402404,0.429627}"
'Mauvelous','#ef98aa',239,152,170,347.6,73.1,76.7,63277,185,195,"{0.382438,0.309119}","{0.514360,0.399466}","{0.406828,0.435242}"
'Maya blue','#73c2fb',115,194,251,205.1,94.4,71.8,37336,239,182,"{0.228673,0.256990}","{0.450685,0.408105}","{0.367975,0.453151}"
'Meat brown','#e5b73b',229,183,59,43.8,76.6,56.5,7973,194,143,"{0.445978,0.453165}","{0.526406,0.406488}","{0.404973,0.455185}"
'Medium Persian blue','#0067a5',0,103,165,202.5,100,32.4,36863,254,82,"{0.189473,0.202102}","{0.379538,0.481672}","{0.352572,0.444562}"
'Medium aquamarine','#66ddaa',102,221,170,154.3,63.6,63.3,28089,161,161,"{0.269651,0.401358}","{0.461481,0.421782}","{0.365444,0.469348}"
'Medium blue','#0000cd',0,0,205,240,100,40.2,43690,254,102,"{0.150000,0.060000}","{0.363296,0.490408}","{0.369776,0.375735}"
'Medium candy apple red','#e2062c',226,6,44,349.6,94.8,45.5,63641,240,116,"{0.610174,0.315465}","{0.494182,0.435514}","{0.459002,0.383709}"
'Medium carmine','#af4035',175,64,53,5.4,53.5,44.7,983,135,114,"{0.530149,0.342980}","{0.482099,0.441663}","{0.423338,0.418755}"
'Medium champagne','#f3e5ab',243,229,171,48.3,75,81.2,8792,190,206,"{0.361396,0.389893}","{0.528581,0.386562}","{0.393583,0.456279}"
'Medium electric blue','#035096',3,80,150,208.6,96.1,30,37973,244,76,"{0.181589,0.171828}","{0.380322,0.488167}","{0.358418,0.435440}"
'Medium jungle green','#1c352d',28,53,45,160.8,30.9,15.9,29272,78,41,"{0.273108,0.365995}","{0.401441,0.500652}","{0.382291,0.432322}"
'Medium lavender magenta','#dda0dd',221,160,221,300,47.3,74.7,54612,120,189,"{0.315919,0.260625}","{0.502227,0.395996}","{0.398605,0.435043}"
'Medium orchid','#ba55d3',186,85,211,288.1,58.9,58,52446,149,147,"{0.291747,0.179086}","{0.475637,0.417854}","{0.407807,0.410961}"
'Medium purple','#9370db',147,112,219,259.6,59.8,64.9,47258,151,165,"{0.248184,0.185714}","{0.459790,0.421914}","{0.391416,0.425059}"
'Medium red violet','#bb3385',187,51,133,323.8,57.1,46.7,58945,145,119,"{0.403681,0.227898}","{0.478828,0.432738}","{0.423787,0.402575}"
'Medium sea green','#3cb371',60,179,113,146.7,49.8,46.9,26705,126,119,"{0.273990,0.449504}","{0.436249,0.454901}","{0.363406,0.469070}"
'Medium slate blue','#7b68ee',123,104,238,248.5,79.8,67.1,45237,202,170,"{0.216067,0.153518}","{0.442916,0.426508}","{0.385574,0.422199}"
'Medium spring bud','#c9dc87',201,220,135,73.4,54.8,69.6,13361,139,177,"{0.355393,0.429691}","{0.515115,0.400539}","{0.388725,0.461191}"
'Medium spring green','#00fa9a',0,250,154,157,100,49,28580,254,124,"{0.261841,0.462627}","{0.402409,0.453519}","{0.337733,0.490981}"
'Medium taupe','#674c47',103,76,71,9.4,18.4,34.1,1711,46,87,"{0.373575,0.341192}","{0.446578,0.463385}","{0.398689,0.430405}"
'Medium teal blue','#0054b4',0,84,180,212,100,35.3,38592,254,90,"{0.174208,0.147148}","{0.375293,0.481619}","{0.354453,0.433872}"
'Medium turquoise','#48d1cc',72,209,204,177.8,59.8,55.1,32367,151,140,"{0.237985,0.335921}","{0.435539,0.426439}","{0.357958,0.466637}"
'Medium violet red','#c71585',199,21,133,322.2,80.9,43.1,58653,205,110,"{0.425622,0.218075}","{0.479059,0.434083}","{0.437307,0.385047}"
'Melon','#fdbcb4',253,188,180,6.6,94.8,84.9,1201,240,215,"{0.374570,0.337623}","{0.524375,0.390080}","{0.401980,0.443925}"
'Midnight blue','#191970',25,25,112,240,63.5,26.9,43690,161,69,"{0.172594,0.097354}","{0.390066,0.496301}","{0.382712,0.405898}"
'Midnight green','#004953',0,73,83,187.2,100,16.3,34078,254,42,"{0.214922,0.293720}","{0.384564,0.503592}","{0.363723,0.441622}"
'Mikado yellow','#ffc40c',255,196,12,45.4,100,52.4,8264,254,133,"{0.467155,0.465029}","{0.540730,0.401012}","{0.410049,0.460010}"
'Mint','#3eb489',62,180,137,158.1,48.8,47.5,28780,123,121,"{0.260514,0.404910}","{0.434531,0.449621}","{0.362483,0.466554}"
'Mint cream','#f5fffa',245,255,250,150,100,98,27306,254,248,"{0.309398,0.333852}","{0.522572,0.372963}","{0.386437,0.456155}"
'Mint green','#98ff98',152,255,152,120,100,79.8,21845,254,202,"{0.306846,0.454054}","{0.497452,0.404090}","{0.372980,0.473200}"
'Misty rose','#ffe4e1',255,228,225,6,100,94.1,1092,254,239,"{0.333625,0.332058}","{0.525743,0.378724}","{0.393338,0.450724}"
'Moccasin','#faebd7',250,235,215,34.3,77.8,91.2,6244,197,231,"{0.335820,0.349234}","{0.526404,0.379598}","{0.391831,0.453652}"
'Mode beige','#967117',150,113,23,42.5,73.4,33.9,7736,186,86,"{0.461707,0.454754}","{0.481651,0.444280}","{0.405405,0.445458}"
'Moonstone blue','#73a9c2',115,169,194,199,39.3,60.6,36226,99,154,"{0.251483,0.291411}","{0.455827,0.424148}","{0.374606,0.451014}"
'Mordant red 19','#ae0c00',174,12,0,4.1,100,34.1,746,254,87,"{0.634624,0.334269}","{0.474967,0.453708}","{0.448112,0.396739}"
'Moss green','#addfad',173,223,173,120,43.9,77.6,21845,111,197,"{0.309776,0.391596}","{0.498522,0.401937}","{0.380679,0.461635}"
'Mountain Meadow','#30ba8f',48,186,143,161.3,59,45.9,29363,149,117,"{0.253899,0.403597}","{0.425887,0.452341}","{0.357575,0.469521}"
'Mountbatten pink','#997a8d',153,122,141,323.2,13.2,53.9,58835,33,137,"{0.328674,0.298471}","{0.474446,0.429798}","{0.395891,0.436075}"
'Mulberry','#c54b8c',197,75,140,328,51.3,53.3,59709,130,135,"{0.398799,0.247615}","{0.486852,0.425249}","{0.418385,0.412557}"
'Munsell','#f2f3f4',242,243,244,210,8.3,95.3,38228,21,242,"{0.311465,0.328011}","{0.520521,0.376030}","{0.387848,0.454076}"
'Mustard','#ffdb58',255,219,88,47.1,100,67.3,8574,254,171,"{0.425448,0.452199}","{0.539516,0.393059}","{0.401619,0.459360}"
'Myrtle','#21421e',33,66,30,115,37.5,18.8,20934,95,48,"{0.310948,0.477366}","{0.407551,0.498335}","{0.382025,0.440513}"
'Nadeshiko pink','#f6adc6',246,173,198,339.5,80.2,82.2,61803,203,208,"{0.356458,0.302364}","{0.517217,0.391790}","{0.402447,0.438738}"
'Napier green','#2a8000',42,128,0,100.3,100,25.1,18258,254,64,"{0.318636,0.585201}","{0.426034,0.487501}","{0.373557,0.468814}"
'Naples yellow','#fada5e',250,218,94,47.7,94,67.5,8683,238,171,"{0.419300,0.449310}","{0.537172,0.393797}","{0.400564,0.459122}"
'Navajo white','#ffdead',255,222,173,35.9,100,83.9,6535,254,213,"{0.371209,0.379228}","{0.531427,0.385274}","{0.396820,0.453277}"
'Navy blue','#000080',0,0,128,240,100,25.1,43690,254,64,"{0.150000,0.060000}","{0.371331,0.506622}","{0.377784,0.387239}"
'Neon Carrot','#ffa343',255,163,67,30.6,100,63.1,5570,254,160,"{0.481953,0.416753}","{0.531418,0.402844}","{0.413786,0.446098}"
'Neon fuchsia','#fe59c2',254,89,194,321.8,98.8,67.3,58581,250,171,"{0.385154,0.228285}","{0.507146,0.403543}","{0.423266,0.408817}"
'Neon green','#39ff14',57,255,20,110.6,100,53.9,20133,254,137,"{0.306279,0.590492}","{0.460530,0.454546}","{0.357917,0.497351}"
'Non-photo blue','#a4dded',164,221,237,193.2,67,78.6,35170,170,199,"{0.266276,0.309999}","{0.483958,0.394503}","{0.375969,0.456623}"
'North Texas Green','#059033',5,144,51,139.9,93.3,29.2,25467,236,74,"{0.284884,0.541668}","{0.401463,0.494987}","{0.355710,0.473765}"
'Ocean Boat Blue','#0077be',0,119,190,202.4,100,37.3,36845,254,95,"{0.189294,0.201457}","{0.378131,0.472408}","{0.348745,0.448150}"
'Ochre','#cc7722',204,119,34,30,71.4,46.7,5461,181,119,"{0.505991,0.416228}","{0.506401,0.425113}","{0.415810,0.440228}"
'Office green','#008000',0,128,0,120,100,25.1,21845,254,64,"{0.300000,0.600000}","{0.399554,0.506994}","{0.359846,0.475958}"
'Old gold','#cfb53b',207,181,59,49.5,60.7,52.2,9011,154,133,"{0.428117,0.463768}","{0.517631,0.412468}","{0.400916,0.457001}"
'Old lace','#fdf5e6',253,245,230,39.1,85.2,94.7,7117,216,240,"{0.327086,0.343770}","{0.526945,0.375853}","{0.390191,0.454621}"
'Old lavender','#796878',121,104,120,303.5,7.6,44.1,55249,19,112,"{0.315554,0.297987}","{0.456876,0.445994}","{0.393100,0.434827}"
'Old mauve','#673147',103,49,71,335.6,35.5,29.8,61093,90,76,"{0.391814,0.277034}","{0.441704,0.467928}","{0.406573,0.416857}"
'Old rose','#c08081',192,128,129,359.1,33.7,62.7,65371,85,159,"{0.388115,0.327861}","{0.495158,0.418999}","{0.404535,0.435381}"
'Olive','#808000',128,128,0,60,100,25.1,10922,254,64,"{0.419313,0.505251}","{0.475072,0.451404}","{0.397827,0.456170}"
'Olive Drab','#6b8e23',107,142,35,79.6,60.5,34.7,14490,153,88,"{0.366717,0.516547}","{0.464397,0.454059}","{0.386961,0.459791}"
'Olive Green','#bab86c',186,184,108,58.5,36.1,57.6,10649,91,146,"{0.375383,0.428809}","{0.505020,0.413294}","{0.393160,0.455666}"
'Olivine','#9ab973',154,185,115,86.6,33.3,58.8,15764,84,149,"{0.340152,0.431174}","{0.489683,0.421392}","{0.385577,0.458863}"
'Onyx','#0f0f0f',15,15,15,0,0,5.9,0,0,15,"{0.312712,0.329008}","{0.390119,0.515118}","{0.391824,0.415054}"
'Opera mauve','#b784a7',183,132,167,318.8,26.2,61.8,58034,66,157,"{0.332547,0.280943}","{0.487629,0.416337}","{0.399184,0.434084}"
'Orange','#ffa500',255,165,0,38.8,100,50,7063,254,127,"{0.500478,0.440797}","{0.535779,0.406144}","{0.417416,0.452660}"
'Orange Yellow','#f8d568',248,213,104,45.4,91.1,69,8264,231,175,"{0.415487,0.438126}","{0.534734,0.394192}","{0.400553,0.457261}"
'Orange peel','#ff9f00',255,159,0,37.4,100,50,6808,254,127,"{0.507156,0.435494}","{0.534699,0.407032}","{0.418805,0.450916}"
'Orange red','#ff4500',255,69,0,16.2,100,50,2949,254,127,"{0.606286,0.356773}","{0.518572,0.420292}","{0.444437,0.418752}"
'Orchid','#da70d6',218,112,214,302.3,58.9,64.7,55031,149,164,"{0.322188,0.215629}","{0.494026,0.405403}","{0.408448,0.419122}"
'Otter brown','#654321',101,67,33,30,50.7,26.3,5461,128,67,"{0.452421,0.407624}","{0.446659,0.469565}","{0.403798,0.431054}"
'Outer Space','#414a4c',65,74,76,190.9,7.8,27.6,34751,19,70,"{0.292792,0.322900}","{0.424239,0.477938}","{0.387076,0.433687}"
'Outrageous Orange','#ff6e4a',255,110,74,11.9,100,64.5,2166,254,164,"{0.526529,0.360610}","{0.521671,0.410292}","{0.426235,0.427943}"
'Oxford Blue','#002147',0,33,71,212.1,100,13.9,38611,254,36,"{0.178947,0.164209}","{0.380214,0.511559}","{0.374050,0.420646}"
'Pacific Blue','#1ca9c9',28,169,201,191.1,75.5,44.9,34788,191,114,"{0.213057,0.277557}","{0.401234,0.449730}","{0.350857,0.460915}"
'Pakistan green','#006600',0,102,0,120,100,20,21845,254,51,"{0.300000,0.600000}","{0.395262,0.511003}","{0.364465,0.466382}"
'Palatinate blue','#273be2',39,59,226,233.6,76.3,52,42524,193,132,"{0.164513,0.092320}","{0.389529,0.462513}","{0.369842,0.410229}"
'Palatinate purple','#682860',104,40,96,307.5,44.4,28.2,55977,112,72,"{0.336130,0.207882}","{0.438606,0.466151}","{0.407488,0.408607}"
'Pale aqua','#bcd4e6',188,212,230,205.7,45.7,82,37445,116,208,"{0.284172,0.308085}","{0.495063,0.392422}","{0.382583,0.452475}"
'Pale blue','#afeeee',175,238,238,180,64.9,81,32767,164,205,"{0.274023,0.328891}","{0.492017,0.388991}","{0.375922,0.459684}"
'Pale brown','#987654',152,118,84,30,28.8,46.3,5461,73,118,"{0.400576,0.386205}","{0.478936,0.437365}","{0.400383,0.440552}"
'Pale carmine','#af4035',175,64,53,5.4,53.5,44.7,983,135,114,"{0.530149,0.342980}","{0.482099,0.441663}","{0.423338,0.418755}"
'Pale cerulean','#9bc4e2',155,196,226,205.4,55,74.7,37391,139,189,"{0.263327,0.291104}","{0.476990,0.403037}","{0.378129,0.451757}"
'Pale chestnut','#ddadaf',221,173,175,357.5,41.4,77.3,65079,105,196,"{0.354777,0.326777}","{0.510256,0.399421}","{0.398739,0.442988}"
'Pale copper','#da8a67',218,138,103,18.3,60.8,62.9,3331,154,160,"{0.440683,0.371107}","{0.510390,0.412985}","{0.409638,0.438665}"
'Pale cornflower blue','#abcdef',171,205,239,210,68,80.4,38228,172,204,"{0.267197,0.288634}","{0.484396,0.395713}","{0.379615,0.451510}"
'Pale gold','#e6be8a',230,190,138,33.9,64.8,72.2,6171,164,183,"{0.389202,0.388172}","{0.520896,0.398609}","{0.399429,0.450153}"
'Pale goldenrod','#eee8aa',238,232,170,54.7,66.7,80,9957,169,203,"{0.357496,0.394675}","{0.527391,0.387119}","{0.392234,0.457559}"
'Pale green','#98fb98',152,251,152,120,92.5,79,21845,234,200,"{0.307013,0.450503}","{0.496689,0.404848}","{0.373491,0.472313}"
'Pale lavender','#dcd0ff',220,208,255,255.3,100,90.8,46475,254,230,"{0.290209,0.279570}","{0.504579,0.383635}","{0.388372,0.446356}"
'Pale magenta','#f984e5',249,132,229,310.3,90.7,74.7,56487,230,189,"{0.336187,0.231396}","{0.507970,0.394060}","{0.409565,0.422595}"
'Pale pink','#fadadd',250,218,221,354.4,76.2,91.8,64515,193,233,"{0.334015,0.326018}","{0.522916,0.381506}","{0.394186,0.448963}"
'Pale plum','#dda0dd',221,160,221,300,47.3,74.7,54612,120,189,"{0.315919,0.260625}","{0.502227,0.395996}","{0.398605,0.435043}"
'Pale red violet','#db7093',219,112,147,340.4,59.8,64.9,61966,151,165,"{0.402485,0.287394}","{0.502020,0.412767}","{0.413109,0.425202}"
'Pale robin egg blue','#96ded1',150,222,209,169.2,52.2,72.9,30801,132,185,"{0.273701,0.345245}","{0.481677,0.402071}","{0.374198,0.460718}"
'Pale silver','#c9c0bb',201,192,187,21.4,11.5,76.1,3895,29,193,"{0.323895,0.335126}","{0.503660,0.399166}","{0.390613,0.449387}"
'Pale spring bud','#ecebbd',236,235,189,58.7,55.3,83.3,10685,140,211,"{0.342906,0.377624}","{0.524746,0.384926}","{0.390490,0.456969}"
'Pale taupe','#bc987e',188,152,126,25.2,31.6,61.6,4587,80,156,"{0.376403,0.365052}","{0.498073,0.416343}","{0.398689,0.444183}"
'Pale violet red','#db7093',219,112,147,340.4,59.8,64.9,61966,151,165,"{0.402485,0.287394}","{0.502020,0.412767}","{0.413109,0.425202}"
'Pansy purple','#78184a',120,24,74,328.8,66.7,28.2,59855,169,72,"{0.434358,0.239921}","{0.446130,0.465377}","{0.420089,0.400149}"
'Papaya whip','#ffefd5',255,239,213,37.1,100,91.8,6753,254,233,"{0.340029,0.354918}","{0.529087,0.378440}","{0.392226,0.454312}"
'Paris Green','#50c878',80,200,120,140,52.2,54.9,25485,132,139,"{0.283109,0.459249}","{0.451654,0.442055}","{0.365368,0.471494}"
'Pastel blue','#aec6cf',174,198,207,196.4,25.6,74.7,35752,65,189,"{0.288291,0.317652}","{0.489641,0.401359}","{0.382932,0.452035}"
'Pastel brown','#836953',131,105,83,27.5,22.4,42,5006,56,107,"{0.381485,0.371469}","{0.465938,0.446836}","{0.398171,0.438111}"
'Pastel gray','#cfcfc4',207,207,196,60,10.3,79,10922,26,200,"{0.320493,0.341874}","{0.507584,0.394197}","{0.388907,0.452127}"
'Pastel green','#77dd77',119,221,119,120,60,66.7,21845,152,169,"{0.305926,0.473658}","{0.478298,0.424805}","{0.371898,0.472057}"
'Pastel magenta','#f49ac2',244,154,194,333.3,80.4,78,60674,204,198,"{0.362365,0.285943}","{0.513850,0.395575}","{0.406012,0.433379}"
'Pastel orange','#ffb347',255,179,71,35.2,100,63.9,6407,254,162,"{0.465189,0.429087}","{0.533925,0.400196}","{0.410154,0.450355}"
'Pastel pink','#ffd1dc',255,209,220,345.7,100,91,62931,254,231,"{0.339703,0.317954}","{0.523466,0.382189}","{0.396626,0.446257}"
'Pastel purple','#b39eb5',179,158,181,294.8,13.5,66.5,53665,34,169,"{0.312264,0.298050}","{0.488619,0.411011}","{0.392258,0.441940}"
'Pastel red','#ff6961',255,105,97,3,100,69,546,254,175,"{0.506489,0.336932}","{0.519126,0.409450}","{0.425976,0.423938}"
'Pastel violet','#cb99c9',203,153,201,302.4,32.5,69.8,55049,82,177,"{0.317340,0.270559}","{0.496015,0.403559}","{0.397303,0.436185}"
'Pastel yellow','#fdfd96',253,253,150,60,96.3,79,10922,244,200,"{0.373789,0.429986}","{0.538469,0.383207}","{0.392700,0.462545}"
'Patriarch','#800080',128,0,128,300,100,25.1,54612,254,64,"{0.320913,0.154176}","{0.441750,0.460329}","{0.426409,0.376624}"
'Payne grey','#536878',83,104,120,205.9,18.2,39.8,37482,46,101,"{0.266550,0.293151}","{0.435640,0.459445}","{0.382402,0.439369}"
'Peach','#ffe5b4',255,229,180,39.2,100,85.3,7136,254,216,"{0.364272,0.378838}","{0.531724,0.383510}","{0.395347,0.454449}"
'Peach puff','#ffdab9',255,218,185,28.3,100,86.3,5151,254,219,"{0.363742,0.362967}","{0.529347,0.384652}","{0.396883,0.451329}"
'Peach yellow','#fadfad',250,223,173,39,88.5,82.9,7099,224,210,"{0.367076,0.380908}","{0.529844,0.386011}","{0.395739,0.453990}"
'Pear','#d1e231',209,226,49,65.8,75.3,53.9,11978,191,137,"{0.399057,0.503354}","{0.527771,0.405318}","{0.393710,0.469139}"
'Pearl','#eae0c8',234,224,200,42.4,44.7,85.1,7718,113,216,"{0.335977,0.354730}","{0.520729,0.385751}","{0.391276,0.453598}"
'Pearl Aqua','#88d8c0',136,216,192,162,50.6,69,29490,128,175,"{0.274441,0.360884}","{0.476008,0.409508}","{0.372778,0.462186}"
'Peridot','#e6e200',230,226,0,59,100,45.1,10740,254,115,"{0.422403,0.502797}","{0.538604,0.402990}","{0.400302,0.471043}"
'Periwinkle','#ccccff',204,204,255,240,100,90,43690,254,228,"{0.279167,0.273549}","{0.497030,0.387062}","{0.385806,0.446736}"
'Persian blue','#1c39bb',28,57,187,229.1,74,42.2,41705,187,107,"{0.166789,0.103349}","{0.387895,0.475297}","{0.369329,0.415218}"
'Persian indigo','#32127a',50,18,122,258.5,74.3,27.5,47057,188,70,"{0.192584,0.096054}","{0.402491,0.486286}","{0.393640,0.396876}"
'Persian orange','#d99058',217,144,88,26,62.9,59.8,4733,159,152,"{0.449856,0.394723}","{0.512371,0.413544}","{0.409021,0.442140}"
'Persian pink','#f77fbe',247,127,190,328.5,88.2,73.3,59800,224,186,"{0.375323,0.262762}","{0.511056,0.399593}","{0.412682,0.424351}"
'Persian plum','#701c1c',112,28,28,0,60,27.5,0,152,70,"{0.552638,0.329735}","{0.445735,0.472028}","{0.420744,0.409327}"
'Persian red','#cc3333',204,51,51,0,60,50,0,152,127,"{0.569693,0.329787}","{0.492687,0.434763}","{0.435000,0.409826}"
'Persian rose','#fe28a2',254,40,162,325.8,99.1,57.6,59309,251,146,"{0.438303,0.229389}","{0.502396,0.414059}","{0.440653,0.389037}"
'Phlox','#df00ff',223,0,255,292.5,100,50,53247,254,127,"{0.288808,0.136486}","{0.473603,0.417095}","{0.439780,0.358154}"
'Phthalo blue','#000f89',0,15,137,233.4,100,26.9,42488,254,69,"{0.152785,0.070026}","{0.372167,0.502653}","{0.372486,0.397927}"
'Phthalo green','#123524',18,53,36,150.9,49.3,13.9,27470,125,36,"{0.272491,0.414766}","{0.396159,0.506039}","{0.379297,0.435159}"
'Piggy pink','#fddde6',253,221,230,343.1,88.9,92.9,62458,225,236,"{0.329594,0.320049}","{0.523244,0.379508}","{0.393826,0.448762}"
'Pine green','#01796f',1,121,111,175,98.4,23.9,31857,249,61,"{0.231749,0.353601}","{0.389140,0.489883}","{0.353859,0.458648}"
'Pink','#ffc0cb',255,192,203,349.5,100,87.6,63623,254,222,"{0.355910,0.317768}","{0.522973,0.386678}","{0.400417,0.443001}"
'Pink Flamingo','#fc74fd',252,116,253,299.6,97.2,72.4,54539,246,184,"{0.317857,0.199689}","{0.503581,0.393102}","{0.412251,0.414495}"
'Pink Sherbet','#f78fa7',247,143,167,346.2,86.7,76.5,63022,220,194,"{0.396323,0.303321}","{0.516214,0.399480}","{0.410537,0.431844}"
'Pink pearl','#e7accf',231,172,207,324.4,55.1,79,59054,139,200,"{0.335554,0.290213}","{0.510115,0.393801}","{0.399169,0.439039}"
'Pistachio','#93c572',147,197,114,96.1,41.7,61,17494,105,155,"{0.331782,0.448399}","{0.488685,0.421400}","{0.382070,0.463058}"
'Platinum','#e5e4e2',229,228,226,40,5.5,89.2,7281,13,226,"{0.314683,0.331122}","{0.515800,0.382773}","{0.388469,0.453006}"
'Plum','#dda0dd',221,160,221,300,47.3,74.7,54612,120,189,"{0.315919,0.260625}","{0.502227,0.395996}","{0.398605,0.435043}"
'Portland Orange','#ff5a36',255,90,54,10.7,100,60.6,1947,254,154,"{0.562062,0.355807}","{0.519485,0.414499}","{0.433384,0.422160}"
'Powder blue','#b0e0e6',176,224,230,186.7,51.9,79.6,33987,131,202,"{0.277513,0.321909}","{0.491466,0.392649}","{0.378393,0.456771}"
'Princeton orange','#ff8f00',255,143,0,33.6,100,50,6116,254,127,"{0.525456,0.420961}","{0.531820,0.409399}","{0.422676,0.446060}"
'Prussian blue','#003153',0,49,83,204.6,100,16.3,37245,254,42,"{0.189035,0.200524}","{0.381324,0.507286}","{0.368932,0.428677}"
'Psychedelic purple','#df00ff',223,0,255,292.5,100,50,53247,254,127,"{0.288808,0.136486}","{0.473603,0.417095}","{0.439780,0.358154}"
'Puce','#cc8899',204,136,153,345,40,66.7,62804,101,169,"{0.370193,0.307254}","{0.499276,0.411938}","{0.403904,0.434733}"
'Pumpkin','#ff7518',255,117,24,24.2,100,54.7,4405,254,139,"{0.550685,0.392577}","{0.525966,0.412132}","{0.427837,0.435166}"
'Purple','#800080',128,0,128,300,100,25.1,54612,254,64,"{0.320913,0.154176}","{0.441750,0.460329}","{0.426409,0.376624}"
'Purple Heart','#69359c',105,53,156,270.3,49.3,41,49205,125,104,"{0.245552,0.149032}","{0.435426,0.455319}","{0.398645,0.408549}"
'Purple Mountain''s Majesty','#9d81ba',157,129,186,269.5,29.2,61.8,49060,74,157,"{0.286221,0.246935}","{0.472238,0.421237}","{0.392498,0.433786}"
'Purple mountain majesty','#9678b6',150,120,182,269,29.8,59.2,48969,75,150,"{0.282104,0.236928}","{0.467655,0.425391}","{0.392898,0.431538}"
'Purple pizzazz','#fe4eda',254,78,218,312.3,98.9,65.1,56851,251,165,"{0.357615,0.200803}","{0.502746,0.402655}","{0.424552,0.401966}"
'Purple taupe','#50404d',80,64,77,311.3,11.1,28.2,56669,28,72,"{0.320700,0.292355}","{0.431061,0.473566}","{0.394440,0.426703}"
'Rackley','#5d8aa8',93,138,168,204,30.1,51.2,37136,76,130,"{0.244727,0.276239}","{0.441536,0.441628}","{0.375546,0.445870}"
'Radical Red','#ff355e',255,53,94,347.8,100,60.4,63314,254,153,"{0.542115,0.299687}","{0.510453,0.417391}","{0.442103,0.402044}"
'Raspberry','#e30b5d',227,11,93,337.2,90.8,46.7,61384,230,119,"{0.535534,0.275329}","{0.492413,0.431166}","{0.451998,0.381421}"
'Raspberry glace','#915f6d',145,95,109,343.2,20.8,47.1,62476,52,120,"{0.368490,0.304449}","{0.468824,0.440934}","{0.402404,0.429627}"
'Raspberry pink','#e25098',226,80,152,330.4,71.6,60,60146,181,152,"{0.414137,0.250933}","{0.498904,0.415624}","{0.422733,0.411109}"
'Raspberry rose','#b3446c',179,68,108,338.4,44.9,48.4,61602,114,123,"{0.432834,0.274222}","{0.480417,0.434888}","{0.418565,0.414285}"
'Raw Sienna','#d68a59',214,138,89,23.5,60.4,59.4,4277,153,151,"{0.450977,0.387611}","{0.509989,0.415212}","{0.409680,0.440379}"
'Razzle dazzle rose','#ff33cc',255,51,204,315,100,60,57343,254,152,"{0.378089,0.198477}","{0.500416,0.408054}","{0.433797,0.390596}"
'Razzmatazz','#e3256b',227,37,107,337.9,77.2,51.8,61511,196,132,"{0.504294,0.269756}","{0.495861,0.426113}","{0.440446,0.394787}"
'Red','#ff0000',255,0,0,0,100,50,0,254,127,"{0.640000,0.330000}","{0.506429,0.430276}","{0.473063,0.382831}"
'Red Orange','#ff5349',255,83,73,3.3,100,64.3,600,254,163,"{0.550192,0.337485}","{0.517051,0.414367}","{0.434059,0.417479}"
'Red brown','#a52a2a',165,42,42,0,59.4,40.6,0,150,103,"{0.562690,0.329766}","{0.474059,0.449377}","{0.429268,0.409952}"
'Red violet','#c71585',199,21,133,322.2,80.9,43.1,58653,205,110,"{0.425622,0.218075}","{0.479059,0.434083}","{0.437307,0.385047}"
'Rich black','#004040',0,64,64,180,100,12.5,32767,254,32,"{0.224650,0.328741}","{0.384950,0.508082}","{0.367163,0.439769}"
'Rich carmine','#d70040',215,0,64,342.1,100,42.2,62276,254,107,"{0.579502,0.296664}","{0.487436,0.438390}","{0.457043,0.378380}"
'Rich electric blue','#0892d0',8,146,208,198.6,92.6,42.4,36153,235,108,"{0.197286,0.228110}","{0.383913,0.459428}","{0.347025,0.455127}"
'Rich lilac','#b666d2',182,102,210,284.4,54.5,61.2,51772,138,155,"{0.288816,0.195130}","{0.476697,0.416068}","{0.402802,0.418642}"
'Rich maroon','#b03060',176,48,96,337.5,57.1,43.9,61439,145,112,"{0.462408,0.267498}","{0.476444,0.440242}","{0.425163,0.405963}"
'Rifle green','#414833',65,72,51,80,17.1,24.1,14563,43,61,"{0.337103,0.396838}","{0.425936,0.481393}","{0.389637,0.435947}"
'Robin''s Egg Blue','#1fcecb',31,206,203,179,73.8,46.5,32585,187,118,"{0.228385,0.333170}","{0.408445,0.440027}","{0.347632,0.471105}"
'Rose','#ff007f',255,0,127,330.1,100,50,60091,254,127,"{0.500946,0.253378}","{0.499156,0.422719}","{0.459702,0.369480}"
'Rose bonbon','#f9429e',249,66,158,329.8,93.8,61.8,60037,238,157,"{0.434209,0.243933}","{0.505107,0.411682}","{0.431442,0.402455}"
'Rose ebony','#674846',103,72,70,3.6,19.1,33.9,655,48,86,"{0.378314,0.334029}","{0.445928,0.464179}","{0.399864,0.428647}"
'Rose gold','#b76e79',183,110,121,351,33.6,57.5,63896,85,146,"{0.396037,0.313456}","{0.488651,0.425383}","{0.407215,0.430417}"
'Rose madder','#e32636',227,38,54,354.9,77.1,52,64606,195,132,"{0.587374,0.319786}","{0.499669,0.429804}","{0.444866,0.400848}"
'Rose pink','#ff66cc',255,102,204,320,100,70,58253,254,178,"{0.372017,0.229699}","{0.508506,0.400306}","{0.419409,0.413113}"
'Rose quartz','#aa98a9',170,152,169,303.3,9.6,63.1,55213,24,160,"{0.314833,0.304940}","{0.484833,0.415994}","{0.392064,0.442026}"
'Rose taupe','#905d5d',144,93,93,0,21.5,46.5,0,54,118,"{0.393580,0.329253}","{0.469437,0.443391}","{0.403836,0.430627}"
'Rose vale','#ab4e52',171,78,82,357.4,37.3,48.8,65061,94,124,"{0.462726,0.323644}","{0.480700,0.438205}","{0.415686,0.422431}"
'Rosewood','#65000b',101,0,11,353.5,100,19.8,64351,254,51,"{0.617553,0.317631}","{0.435873,0.482029}","{0.430897,0.394208}"
'Rosso corsa','#d40000',212,0,0,0,100,41.6,0,254,106,"{0.640000,0.330000}","{0.489469,0.443008}","{0.463365,0.385900}"
'Rosy brown','#bc8f8f',188,143,143,0,25.1,64.9,0,63,165,"{0.361729,0.329157}","{0.494608,0.415998}","{0.399500,0.439636}"
'Royal azure','#0038a8',0,56,168,220,100,32.9,40049,254,84,"{0.163643,0.109116}","{0.373514,0.489435}","{0.360294,0.420607}"
'Royal blue','#4169e1',65,105,225,225,72.7,56.9,40959,184,144,"{0.187849,0.150337}","{0.411456,0.445666}","{0.369679,0.430071}"
'Royal fuchsia','#ca2c92',202,44,146,321.3,64.2,48.2,58489,163,122,"{0.402496,0.217281}","{0.483133,0.428256}","{0.428679,0.396374}"
'Royal purple','#7851a9',120,81,169,266.6,35.2,49,48532,89,124,"{0.256280,0.182967}","{0.446782,0.443423}","{0.394700,0.419602}"
'Ruby','#e0115f',224,17,95,337.4,85.9,47.3,61420,218,120,"{0.528375,0.273383}","{0.492075,0.430946}","{0.448595,0.385017}"
'Ruddy','#ff0028',255,0,40,350.6,100,50,63823,254,127,"{0.621328,0.319711}","{0.504645,0.428422}","{0.468732,0.378503}"
'Ruddy brown','#bb6528',187,101,40,24.9,64.8,44.5,4532,164,113,"{0.509732,0.399854}","{0.495345,0.432777}","{0.416286,0.434769}"
'Ruddy pink','#e18e96',225,142,150,354.2,58,72,64479,147,183,"{0.393594,0.319767}","{0.509342,0.406209}","{0.407282,0.435030}"
'Rufous','#a81c07',168,28,7,7.8,92,34.3,1419,233,87,"{0.617827,0.341338}","{0.474816,0.452905}","{0.438865,0.406055}"
'Russet','#80461b',128,70,27,25.5,65.2,30.4,4642,165,77,"{0.501150,0.401685}","{0.461972,0.459194}","{0.411208,0.429841}"
'Rust','#b7410e',183,65,14,18.1,85.8,38.6,3294,217,98,"{0.575703,0.371734}","{0.488269,0.441563}","{0.428322,0.422727}"
'Sacramento State green','#00563f',0,86,63,164,100,16.9,29854,254,43,"{0.247457,0.410845}","{0.388167,0.504854}","{0.362740,0.450645}"
'Saddle brown','#8b4513',139,69,19,25,75.9,31,4551,192,79,"{0.525960,0.399496}","{0.467870,0.455895}","{0.415223,0.429002}"
'Safety orange','#ff6700',255,103,0,24.2,100,50,4405,254,127,"{0.571810,0.384151}","{0.524640,0.415303}","{0.433552,0.432411}"
'Saffron','#f4c430',244,196,48,45.3,89.9,57.3,8246,228,145,"{0.451100,0.461648}","{0.534867,0.401602}","{0.405954,0.458051}"
'Saint Patrick Blue','#23297a',35,41,122,235.9,55.4,30.8,42943,140,78,"{0.184162,0.123361}","{0.397145,0.488215}","{0.381225,0.413613}"
'Salmon','#ff8c69',255,140,105,14,100,70.6,2548,254,179,"{0.471798,0.364172}","{0.524495,0.403616}","{0.416646,0.435560}"
'Salmon pink','#ff91a4',255,145,164,349.6,100,78.4,63641,254,199,"{0.406476,0.309372}","{0.519812,0.397806}","{0.411878,0.432051}"
'Sand','#c2b280',194,178,128,45.5,35.1,63.1,8282,89,160,"{0.369636,0.394285}","{0.505260,0.410127}","{0.394836,0.451293}"
'Sand dune','#967117',150,113,23,42.5,73.4,33.9,7736,186,86,"{0.461707,0.454754}","{0.481651,0.444280}","{0.405405,0.445458}"
'Sandstorm','#ecd540',236,213,64,52,81.9,58.8,9466,208,149,"{0.425082,0.471532}","{0.533997,0.399797}","{0.400389,0.461827}"
'Sandy brown','#f4a460',244,164,96,27.6,87.1,66.7,5024,221,169,"{0.451864,0.399865}","{0.525494,0.403166}","{0.409690,0.444936}"
'Sandy taupe','#967117',150,113,23,42.5,73.4,33.9,7736,186,86,"{0.461707,0.454754}","{0.481651,0.444280}","{0.405405,0.445458}"
'Sap green','#507d2a',80,125,42,92.5,49.7,32.7,16838,126,83,"{0.341353,0.510492}","{0.445209,0.467135}","{0.382577,0.456901}"
'Sapphire','#0f52ba',15,82,186,216.5,85.1,39.4,39412,216,100,"{0.173897,0.139406}","{0.383381,0.475378}","{0.359859,0.430137}"
'Satin sheen gold','#cba135',203,161,53,43.2,59.1,50.2,7864,150,128,"{0.445953,0.450979}","{0.512675,0.417280}","{0.404514,0.452222}"
'Scarlet','#ff2400',255,36,0,8.5,100,50,1547,254,127,"{0.629256,0.338532}","{0.512731,0.425094}","{0.456845,0.403183}"
'School bus yellow','#ffd800',255,216,0,50.8,100,50,9247,254,127,"{0.449772,0.481063}","{0.544948,0.398606}","{0.406802,0.465979}"
'Screamin Green','#76ff7a',118,255,122,121.8,100,73.1,22172,254,185,"{0.302963,0.497617}","{0.484199,0.417936}","{0.367152,0.479722}"
'Sea blue','#006994',0,105,148,197.4,100,29,35935,254,74,"{0.198139,0.233300}","{0.381938,0.485234}","{0.353418,0.447596}"
'Sea green','#2e8b57',46,139,87,146.5,50.3,36.3,26669,127,92,"{0.274515,0.448475}","{0.423161,0.472512}","{0.367042,0.461373}"
'Seal brown','#321414',50,20,20,0,42.9,13.7,0,108,35,"{0.453478,0.329435}","{0.410591,0.499124}","{0.403490,0.412876}"
'Seashell','#fff5ee',255,245,238,24.7,100,96.7,4496,254,245,"{0.323468,0.335839}","{0.526514,0.374604}","{0.390182,0.453842}"
'Selective yellow','#ffba00',255,186,0,43.8,100,50,7973,254,127,"{0.478177,0.458506}","{0.539559,0.403037}","{0.412800,0.458452}"
'Sepia','#704214',112,66,20,30,69.7,25.9,5461,177,66,"{0.492602,0.415846}","{0.453245,0.466544}","{0.408470,0.430792}"
'Shadow','#8a795d',138,121,93,37.3,19.5,45.3,6790,49,115,"{0.368653,0.379632}","{0.471664,0.440518}","{0.395574,0.442331}"
'Shamrock','#45cea2',69,206,162,160.7,58.3,53.9,29254,148,137,"{0.256843,0.397233}","{0.440006,0.436915}","{0.359651,0.470309}"
'Shamrock green','#009e60',0,158,96,156.5,100,31,28489,254,79,"{0.261499,0.461395}","{0.395813,0.486548}","{0.349508,0.473480}"
'Shocking pink','#fc0fc0',252,15,192,315.2,97.5,52.4,57379,247,133,"{0.393245,0.196088}","{0.494769,0.415384}","{0.446655,0.372422}"
'Sienna','#882d17',136,45,23,11.7,71.1,31.2,2129,180,79,"{0.561667,0.358275}","{0.461579,0.460615}","{0.422046,0.416913}"
'Silver','#c0c0c0',192,192,192,0,0,75.3,0,0,191,"{0.312712,0.329008}","{0.499038,0.400503}","{0.388481,0.449849}"
'Sinopia','#cb410b',203,65,11,16.9,89.7,42,3076,227,107,"{0.588227,0.365241}","{0.497108,0.435341}","{0.433383,0.420949}"
'Skobeloff','#007474',0,116,116,180,100,22.7,32767,254,58,"{0.224650,0.328741}","{0.387226,0.490157}","{0.353918,0.456219}"
'Sky blue','#87ceeb',135,206,235,197.4,71.4,72.5,35935,181,184,"{0.248797,0.292336}","{0.466666,0.404111}","{0.371787,0.455820}"
'Sky magenta','#cf71af',207,113,175,320.4,49.5,62.7,58326,125,159,"{0.353242,0.252748}","{0.494121,0.412511}","{0.408343,0.424058}"
'Slate blue','#6a5acd',106,90,205,248.3,53.5,57.8,45200,135,147,"{0.217202,0.155746}","{0.435945,0.440083}","{0.386065,0.421243}"
'Slate gray','#708090',112,128,144,210,12.6,50.2,38228,32,128,"{0.278731,0.299700}","{0.453620,0.441221}","{0.383993,0.442554}"
'Smalt','#003399',0,51,153,220,100,30,40049,254,76,"{0.164002,0.110408}","{0.374652,0.493597}","{0.362514,0.419760}"
'Smokey topaz','#933d41',147,61,65,357.2,41.3,40.8,65025,104,104,"{0.477021,0.322992}","{0.467285,0.450559}","{0.415978,0.418896}"
'Smoky black','#100c08',16,12,8,30,33.3,4.7,5461,84,12,"{0.365498,0.367059}","{0.390641,0.515821}","{0.394124,0.413882}"
'Snow','#fffafa',255,250,250,0,100,99,0,254,251,"{0.315876,0.329018}","{0.525499,0.372373}","{0.388921,0.454116}"
'Spiro Disco Ball','#0fc0fc',15,192,252,195.2,97.5,52.4,35534,247,133,"{0.203121,0.248684}","{0.386772,0.434473}","{0.342110,0.464233}"
'Spring bud','#a7fc00',167,252,0,80.2,100,49.4,14599,254,125,"{0.360077,0.552292}","{0.519652,0.415986}","{0.383689,0.484060}"
'Spring green','#00ff7f',0,255,127,149.9,100,50,27288,254,127,"{0.273536,0.504730}","{0.407774,0.459377}","{0.338546,0.494787}"
'Steel blue','#4682b4',70,130,180,207.3,44,49,37737,111,124,"{0.219327,0.240584}","{0.424868,0.448551}","{0.369746,0.444441}"
'Stil de grain yellow','#fada5e',250,218,94,47.7,94,67.5,8683,238,171,"{0.419300,0.449310}","{0.537172,0.393797}","{0.400564,0.459122}"
'Stizza','#990000',153,0,0,0,100,30,0,254,76,"{0.640000,0.330000}","{0.462861,0.462984}","{0.448066,0.390742}"
'Stormcloud','#008080',0,128,128,180,100,25.1,32767,254,64,"{0.224650,0.328741}","{0.387517,0.485433}","{0.351440,0.459296}"
'Straw','#e4d96f',228,217,111,54.4,68.4,66.5,9903,173,169,"{0.393066,0.443069}","{0.527681,0.397266}","{0.395717,0.459686}"
'Sunglow','#ffcc33',255,204,51,45,100,60,8191,254,152,"{0.451803,0.460752}","{0.539745,0.397734}","{0.406323,0.458711}"
'Sunset','#fad6a5',250,214,165,34.6,89.5,81.4,6298,227,206,"{0.375687,0.380359}","{0.529300,0.388188}","{0.397627,0.452366}"
'Sunset Orange','#fd5e53',253,94,83,3.9,97.7,65.9,709,248,167,"{0.529306,0.339103}","{0.517542,0.412560}","{0.429639,0.421165}"
'Tan','#d2b48c',210,180,140,34.3,43.8,68.6,6244,111,174,"{0.373640,0.378394}","{0.511030,0.404580}","{0.397135,0.449157}"
'Tangelo','#f94d00',249,77,0,18.6,100,48.8,3385,254,124,"{0.596968,0.364172}","{0.517844,0.420719}","{0.440468,0.422744}"
'Tangerine','#f28500',242,133,0,33,100,47.5,6007,254,121,"{0.528404,0.418621}","{0.525496,0.414207}","{0.422614,0.444232}"
'Tangerine yellow','#ffcc00',255,204,0,48,100,50,8738,254,127,"{0.460615,0.472453}","{0.542794,0.400377}","{0.409123,0.463067}"
'Taupe','#483c32',72,60,50,27.3,18,23.9,4969,45,61,"{0.363006,0.361203}","{0.427941,0.480622}","{0.395297,0.429173}"
'Taupe gray','#8b8589',139,133,137,320,2.5,53.3,58253,6,135,"{0.315294,0.322266}","{0.469812,0.432628}","{0.390378,0.442000}"
'Tawny','#cd5700',205,87,0,25.5,100,40.2,4642,254,102,"{0.563820,0.390496}","{0.502629,0.431854}","{0.427615,0.431430}"
'Tea green','#d0f0c0',208,240,192,100,61.5,84.7,18204,156,215,"{0.320716,0.382518}","{0.514195,0.388938}","{0.384315,0.460621}"
'Tea rose','#f4c2c2',244,194,194,0,69.4,85.9,0,176,218,"{0.353788,0.329133}","{0.520374,0.389339}","{0.398443,0.445276}"
'Teal','#008080',0,128,128,180,100,25.1,32767,254,64,"{0.224650,0.328741}","{0.387517,0.485433}","{0.351440,0.459296}"
'Teal blue','#367588',54,117,136,193.9,43.2,37.3,35297,109,95,"{0.231677,0.287281}","{0.418745,0.465112}","{0.370073,0.446463}"
'Teal green','#006d5b',0,109,91,170.1,100,21.4,30965,254,55,"{0.238731,0.379431}","{0.388908,0.496269}","{0.356683,0.456685}"
'Terra cotta','#e2725b',226,114,91,10.2,69.9,62.2,1856,177,158,"{0.480953,0.354702}","{0.510261,0.415720}","{0.417940,0.430576}"
'Thistle','#d8bfd8',216,191,216,300,24.3,79.8,54612,61,202,"{0.314040,0.300686}","{0.505913,0.392499}","{0.392308,0.445217}"
'Thulian pink','#de6fa1',222,111,161,333,62.7,65.3,60619,159,166,"{0.387906,0.270665}","{0.501637,0.410752}","{0.413066,0.423247}"
'Tickle Me Pink','#fc89ac',252,137,172,341.7,95,76.3,62203,241,194,"{0.397646,0.292370}","{0.516550,0.398865}","{0.412559,0.428958}"
'Tiffany Blue','#0abab5',10,186,181,178.3,89.8,38.4,32458,228,98,"{0.227635,0.336930}","{0.394979,0.457257}","{0.344805,0.470677}"
'Tiger eye','#e08d3c',224,141,60,29.6,72.6,55.7,5388,184,141,"{0.482077,0.413363}","{0.516735,0.414299}","{0.412966,0.443059}"
'Timberwolf','#dbd7d2',219,215,210,33.3,11.1,84.1,6061,28,213,"{0.319052,0.334575}","{0.511961,0.388721}","{0.389313,0.451921}"
'Titanium yellow','#eee600',238,230,0,58,100,46.7,10558,254,119,"{0.425376,0.500437}","{0.542037,0.400441}","{0.401093,0.471068}"
'Tomato','#ff6347',255,99,71,9.1,100,63.9,1656,254,162,"{0.539061,0.352655}","{0.519963,0.412122}","{0.429498,0.424075}"
'Toolbox','#746cc0',116,108,192,245.7,40,58.8,44727,101,149,"{0.238560,0.197130}","{0.446221,0.435958}","{0.385928,0.429317}"
'Topaz','#ffc87c',255,200,124,34.8,100,74.3,6335,254,188,"{0.415992,0.406431}","{0.533017,0.393089}","{0.403146,0.451591}"
'Tractor red','#fd0e35',253,14,53,350.2,98.4,52.4,63750,249,133,"{0.606570,0.315094}","{0.505614,0.426230}","{0.460557,0.385726}"
'Trolley Grey','#808080',128,128,128,0,0,50.2,0,0,128,"{0.312712,0.329008}","{0.464152,0.438255}","{0.389199,0.442378}"
'Tropical rain forest','#00755e',0,117,94,168.2,100,22.9,30619,254,58,"{0.241736,0.390251}","{0.389771,0.494332}","{0.355231,0.459456}"
'True Blue','#0073cf',0,115,207,206.7,100,40.6,37628,254,103,"{0.182095,0.175543}","{0.375198,0.468761}","{0.348198,0.444442}"
'Tufts Blue','#417dc1',65,125,193,211.9,50.8,50.6,38574,129,129,"{0.207992,0.213458}","{0.419181,0.448551}","{0.368313,0.441733}"
'Tumbleweed','#deaa88',222,170,136,23.7,56.6,70.2,4314,143,178,"{0.392784,0.369637}","{0.514508,0.403806}","{0.401723,0.445385}"
'Turkish rose','#b57281',181,114,129,346.6,31.2,57.8,63095,79,147,"{0.380825,0.307497}","{0.487667,0.424419}","{0.405238,0.431355}"
'Turquoise','#30d5c8',48,213,200,175.3,66.3,51.2,31911,168,130,"{0.235133,0.347596}","{0.421425,0.433807}","{0.351581,0.471068}"
'Turquoise blue','#00ffef',0,255,239,176.2,100,50,32075,254,127,"{0.230161,0.348578}","{0.386887,0.427017}","{0.333725,0.483671}"
'Turquoise green','#a0d6b4',160,214,180,142.2,39.7,73.3,25886,100,186,"{0.296611,0.373210}","{0.489688,0.405731}","{0.378899,0.460125}"
'Tuscan red','#66424d',102,66,77,341.7,21.4,32.9,62203,54,84,"{0.365537,0.302589}","{0.443713,0.464781}","{0.400668,0.425017}"
'Twilight lavender','#8a496b',138,73,107,328.6,30.8,41.4,59818,78,105,"{0.369396,0.267350}","{0.461439,0.447276}","{0.406525,0.420850}"
'Tyrian purple','#66023c',102,2,60,325.2,96.2,20.4,59199,244,52,"{0.448939,0.227073}","{0.433816,0.477014}","{0.424686,0.388836}"
'UA blue','#0033aa',0,51,170,222,100,33.3,40413,254,85,"{0.161315,0.100735}","{0.372708,0.489845}","{0.361117,0.417396}"
'UA red','#d9004c',217,0,76,339,100,42.5,61712,254,108,"{0.560228,0.286044}","{0.487521,0.436953}","{0.456241,0.376926}"
'UCLA Blue','#536895',83,104,149,220.9,28.4,45.5,40213,72,116,"{0.239407,0.238853}","{0.432304,0.454780}","{0.380376,0.436060}"
'UCLA Gold','#ffb300',255,179,0,42.1,100,50,7663,254,127,"{0.485408,0.452764}","{0.538299,0.404073}","{0.414298,0.456573}"
'UFO Green','#3cd070',60,208,112,141.1,61.2,52.5,25686,155,133,"{0.280182,0.484075}","{0.441915,0.449186}","{0.359649,0.477036}"
'UP Forest green','#014421',1,68,33,148.7,97.1,13.5,27069,246,35,"{0.269356,0.486337}","{0.388470,0.511529}","{0.369275,0.446230}"
'UP Maroon','#7b1113',123,17,19,358.9,75.7,27.5,65334,192,70,"{0.597014,0.327809}","{0.450009,0.470249}","{0.429452,0.402481}"
'USC Cardinal','#990000',153,0,0,0,100,30,0,254,76,"{0.640000,0.330000}","{0.462861,0.462984}","{0.448066,0.390742}"
'USC Gold','#ffcc00',255,204,0,48,100,50,8738,254,127,"{0.460615,0.472453}","{0.542794,0.400377}","{0.409123,0.463067}"
'Ube','#8878c3',136,120,195,252.8,38.5,61.8,46020,97,157,"{0.257134,0.217568}","{0.458671,0.427353}","{0.388538,0.431676}"
'Ultra pink','#ff6fff',255,111,255,300,100,71.8,54612,254,182,"{0.318967,0.195645}","{0.503732,0.393088}","{0.413892,0.412198}"
'Ultramarine','#120a8f',18,10,143,243.6,86.9,30,44345,220,76,"{0.157257,0.068894}","{0.381149,0.495746}","{0.381181,0.391276}"
'Ultramarine blue','#4166f5',65,102,245,227.7,90,60.8,41450,228,154,"{0.181330,0.133368}","{0.407975,0.441754}","{0.368892,0.426561}"
'Umber','#635147',99,81,71,21.4,16.5,33.3,3895,41,85,"{0.362789,0.353644}","{0.445290,0.464048}","{0.396183,0.433193}"
'United Nations blue','#5b92e5',91,146,229,216.1,72.6,62.7,39339,184,159,"{0.212413,0.210227}","{0.432651,0.428831}","{0.370044,0.442641}"
'University of California Gold','#b78727',183,135,39,40,64.9,43.5,7281,164,111,"{0.461868,0.445439}","{0.500199,0.428488}","{0.406808,0.447601}"
'Unmellow Yellow','#ffff66',255,255,102,60,100,70,10922,254,178,"{0.397747,0.469596}","{0.544420,0.386668}","{0.394996,0.466514}"
'Upsdell red','#ae2029',174,32,41,356.2,68.9,40.4,64843,175,103,"{0.580233,0.321933}","{0.476488,0.448007}","{0.435482,0.403709}"
'Urobilin','#e1ad21',225,173,33,43.8,76.2,50.6,7973,193,129,"{0.461967,0.459338}","{0.524888,0.410751}","{0.407740,0.455165}"
'Utah Crimson','#d3003f',211,0,63,342.1,100,41.4,62276,254,105,"{0.578899,0.296332}","{0.485809,0.439659}","{0.456183,0.378748}"
'Vanilla','#f3e5ab',243,229,171,48.3,75,81.2,8792,190,206,"{0.361396,0.389893}","{0.528581,0.386562}","{0.393583,0.456279}"
'Vegas gold','#c5b358',197,179,88,50.1,48.4,55.9,9120,122,142,"{0.403223,0.441751}","{0.510716,0.413099}","{0.397553,0.454884}"
'Venetian red','#c80815',200,8,21,355.9,92.3,40.8,64788,234,104,"{0.625929,0.325693}","{0.484847,0.444513}","{0.454306,0.389496}"
'Verdigris','#43b3ae',67,179,174,177.3,45.5,48.2,32275,115,122,"{0.240809,0.337001}","{0.432128,0.440818}","{0.361943,0.461780}"
'Vermilion','#e34234',227,66,52,4.8,75.8,54.7,873,192,139,"{0.569610,0.340608}","{0.504795,0.425669}","{0.435092,0.414718}"
'Veronica','#a020f0',160,32,240,276.9,87.4,53.3,50407,221,135,"{0.237907,0.114532}","{0.450866,0.429396}","{0.413665,0.382878}"
'Violet','#ee82ee',238,130,238,300,76.1,72.2,54612,193,183,"{0.317898,0.218446}","{0.502143,0.395372}","{0.407191,0.422018}"
'Violet Blue','#324ab2',50,74,178,228.8,56.1,44.7,41651,142,114,"{0.184987,0.137807}","{0.404457,0.466499}","{0.374163,0.422847}"
'Violet Red','#f75394',247,83,148,336.2,91.1,64.7,61202,231,164,"{0.442001,0.265435}","{0.508098,0.410484}","{0.426753,0.411054}"
'Viridian','#40826d',64,130,109,160.9,34,38,29290,86,97,"{0.266126,0.375878}","{0.430212,0.463511}","{0.372515,0.453141}"
'Vivid auburn','#922724',146,39,36,1.6,60.4,35.7,291,153,91,"{0.559258,0.333462}","{0.464683,0.456951}","{0.425787,0.410983}"
'Vivid burgundy','#9f1d35',159,29,53,348.9,69.1,36.9,63514,175,94,"{0.547558,0.302906}","{0.468110,0.452650}","{0.431484,0.401992}"
'Vivid cerise','#da1d81',218,29,129,328.3,76.5,48.4,59764,194,123,"{0.456039,0.237802}","{0.488985,0.427890}","{0.439301,0.388793}"
'Vivid tangerine','#ffa089',255,160,137,11.7,100,76.9,2129,254,195,"{0.427498,0.353359}","{0.525021,0.397999}","{0.410273,0.439121}"
'Vivid violet','#9f00ff',159,0,255,277.4,100,50,50498,254,127,"{0.226744,0.102287}","{0.443646,0.432775}","{0.422809,0.360541}"
'Warm black','#004242',0,66,66,180,100,12.9,32767,254,33,"{0.224650,0.328741}","{0.385065,0.507467}","{0.366561,0.440516}"
'Waterspout','#00ffff',0,255,255,180,100,50,32767,254,127,"{0.224650,0.328741}","{0.383525,0.421808}","{0.333057,0.482129}"
'Wenge','#645452',100,84,82,6.7,9.9,35.7,1219,25,91,"{0.343880,0.333881}","{0.445444,0.461858}","{0.394842,0.433110}"
'Wheat','#f5deb3',245,222,179,39.1,76.7,83.1,7117,194,211,"{0.359313,0.374292}","{0.527173,0.386439}","{0.394680,0.453735}"
'White','#ffffff',255,255,255,0,0,100,0,0,254,"{0.312712,0.329008}","{0.525490,0.370990}","{0.387996,0.454899}"
'White smoke','#f5f5f5',245,245,245,0,0,96.1,0,0,244,"{0.312712,0.329008}","{0.521809,0.375156}","{0.388063,0.454205}"
'Wild Strawberry','#ff43a4',255,67,164,329,100,63.1,59891,254,160,"{0.431358,0.241457}","{0.506995,0.409595}","{0.431960,0.401905}"
'Wild Watermelon','#fc6c85',252,108,133,349.6,96,70.6,63641,243,179,"{0.457094,0.304334}","{0.515547,0.406857}","{0.422069,0.422033}"
'Wild blue yonder','#a2add0',162,173,208,225.7,32.9,72.5,41086,83,184,"{0.276730,0.282739}","{0.479326,0.408599}","{0.384270,0.445900}"
'Wine','#722f37',114,47,55,352.8,41.6,31.6,64224,105,80,"{0.459195,0.312675}","{0.448463,0.465762}","{0.412001,0.416516}"
'Wisteria','#c9a0dc',201,160,220,281,46.2,74.5,51153,117,189,"{0.299284,0.257947}","{0.493744,0.400264}","{0.394455,0.436961}"
'Xanadu','#738678',115,134,120,135.8,7.6,48.8,24721,19,124,"{0.305910,0.355315}","{0.459163,0.442579}","{0.385149,0.446885}"
'Yale Blue','#0f4d92',15,77,146,211.6,81.4,31.6,38520,206,80,"{0.183787,0.171119}","{0.387669,0.485097}","{0.363708,0.432823}"
'Yellow','#ffff00',255,255,0,60,100,50,10922,254,127,"{0.419313,0.505251}","{0.551916,0.392877}","{0.399896,0.474645}"
'Yellow Orange','#ffae42',255,174,66,34.3,100,62.9,6244,254,160,"{0.472314,0.427590}","{0.533417,0.401268}","{0.411483,0.449378}"
'Yellow green','#9acd32',154,205,50,79.7,60.8,50,14508,154,127,"{0.366762,0.521023}","{0.500146,0.424595}","{0.385770,0.470317}"
'Zaffre','#0014a8',0,20,168,232.9,100,32.9,42397,254,84,"{0.152609,0.069391}","{0.369503,0.495468}","{0.368197,0.397095}"
'Zinnwaldite brown','#2c1608',44,22,8,23.3,69.2,10.2,4241,175,26,"{0.476918,0.392450}","{0.408165,0.502514}","{0.401766,0.416828}"
